Workbook
Name BrowseRecords: RiskSerializationData8!$6:$10
Name SerializationHeader: RiskSerializationData8!$A$1:$B$3

Sheet RiskSerializationData8
A1: Written By Version | B1: 8.9.0
A2: Serialization Major Version | B2: 4
A3: Serialization Minor Version | B3: 0
A5: Browse Record | B5: Display Mode | C5: Sens Graph Type | D5: Cond Sens Settings | E5: Scenario Settings | F5: Selected Scenario | J5: Distribution Options | K5: Distribution GS | L5: Distribution Curves | N5: Sens Tornado Options | O5: Sens Tornado GS | P5: Sens Tornado Curves | R5: Scen Tornado Options | S5: Scen Tornado GS | T5: Scen Tornado Curves | V5: Sens Spider Option | W5: Sens Spider GS | X5: Sens Spider Curves
A6: =ModelRef('SW23'!$C$274,2,0,0) -> #NAME? | B6: 0 | C6: 3 | F6: 0 | J6: TRUE | K6: GF1_rK0qDwEAEwBHAQwjACcANgCGAJoAmwCyAMAAIQFDAT0BKwD//wAAAAAAAAEEAAAAAAEwAAAAAQtEaWV0IDEgRmVlZAE/Q29tcGFyaXNvbiB3aXRoIFJpc2tOb3JtYWwoMTkwLDc0Ljg3OSxSaXNrVHJ1bmNhdGVQKDAuMDUsMC45NSkpAQEQAAIAAQpTdGF0aXN0aWNzAwEBAP8BAQEBAQluZy9rZyBkcnkBAQEABAAAAAEBAQEBAAEBAQAEAAAAAscAAuMAABgAC0RpZXQgMSBGZWVkAAAA/wAA/wEAAAIAAgA8AC9SaXNrTm9ybWFsKDE5MCw3NC44NzksUmlza1RydW5jYXRlUCgwLjA1LDAuOTUpKQABAP8AAAABAAACACkBMwEBAQMBmpmZmZmZqT8AAGZmZmZmZu4/AAAFAAEBAQABAQEA | L6: =ModelRef('SW23'!$C$274,2,0,0)+ModelRef('SW23'!$C$274,3,0,-1) -> #NAME?
A7: =ModelRef('SW14'!$C$542,2,0,0) -> #NAME? | B7: 0 | C7: 3 | F7: 0 | J7: TRUE | K7: GF1_rK0qDwEAEwBJAQwjACcANgCHAJsAnACzAMEAIwFFAT8BKwD//wAAAAAAAAEEAAAAAAEwAAAAAQtEaWV0IDcgRmVlZAFAQ29tcGFyaXNvbiB3aXRoIFJpc2tOb3JtYWwoMTMwMCw1MTIuMzMsUmlza1RydW5jYXRlUCgwLjA1LDAuOTUpKQEBEAACAAEKU3RhdGlzdGljcwMBAQD/AQEBAQEJbmcva2cgZHJ5AQEBAAQAAAABAQEBAQABAQEABAAAAALIAALkAAAYAAtEaWV0IDcgRmVlZAAAAP8AAP8BAAACAAIAPQAwUmlza05vcm1hbCgxMzAwLDUxMi4zMyxSaXNrVHJ1bmNhdGVQKDAuMDUsMC45NSkpAAEA/wAAAAEAAAIAKwE1AQEBAwGamZmZmZmpPwAAZmZmZmZm7j8AAAUAAQEBAAEBAQA= | L7: =ModelRef('SW14'!$C$542,2,0,0)+ModelRef('SW14'!$C$542,3,0,-1) -> #NAME?
A8: =ModelRef('SW10'!$B$3,2,0,0) -> #NAME? | B8: 0 | C8: 3 | F8: 0 | J8: TRUE | K8: GF1_rK0qDwEAEwBFAQwjACcAOQCKAJ4AnwCvAL0AHwFBATsBKwD//wAAAAAAAAEEAAAAAAQwLjAwAAAAAQxCaXJ0aCBXZWlnaHQBP0NvbXBhcmlzb24gd2l0aCBSaXNrTm9ybWFsKDM1LjQ1LDMuMjcsUmlza1RydW5jYXRlUCgwLjA1LDAuOTUpKQEBEAACAAEKU3RhdGlzdGljcwMBAQD/AQEBAQECa2cBAQEABAAAAAEBAQEBAAEBAQAEAAAAAsQAAuEAABkADEJpcnRoIFdlaWdodAAAAP8AAP8BAAACAAIAPAAvUmlza05vcm1hbCgzNS40NSwzLjI3LFJpc2tUcnVuY2F0ZVAoMC4wNSwwLjk1KSkAAQD/AAAAAQAAAgAnATEBAQEDAZqZmZmZmak/AABmZmZmZmbuPwAABQABAQEAAQEBAA== | L8: =ModelRef('SW10'!$B$3,2,0,0)+ModelRef('SW10'!$B$3,3,0,-1) -> #NAME?
A9: =ModelRef('SW10'!$V$678,2,0,0) -> #NAME? | B9: 0 | C9: 3 | F9: 0 | J9: TRUE | K9: GF1_rK0qDwEAEwBMAQwjACcAOgCPAKMApACyAMAAJgFIAUIBKwD//wAAAAAAAAEEAAAAAAUwLjAwMAAAAAEQUEZBUyBNVVNDTEUgRlJBQwE/Q29tcGFyaXNvbiB3aXRoIFJpc2tOb3JtYWwoMC4yMzEsMC4wOSxSaXNrVHJ1bmNhdGVQKDAuMDUsMC45NSkpAQEQAAIAAQpTdGF0aXN0aWNzAwEBAP8BAQEBAQABAQEABAAAAAEBAQEBAAEBAQAEAAAAAscAAugAAB0AEFBGQVMgTVVTQ0xFIEZSQUMAAAD/AAD/AQAAAgACADwAL1Jpc2tOb3JtYWwoMC4yMzEsMC4wOSxSaXNrVHJ1bmNhdGVQKDAuMDUsMC45NSkpAAEA/wAAAAEAAAIALgE4AQEBAwGamZmZmZmpPwAAZmZmZmZm7j8AAAUAAQEBAAEBAQA= | L9: =ModelRef('SW10'!$V$678,2,0,0)+ModelRef('SW10'!$V$678,3,0,-1) -> #NAME?
A10: =ModelRef('SW10'!$H$35,2,0,0) -> #NAME? | B10: 0 | C10: 3 | F10: 0 | J10: TRUE | K10: GF1_rK0qDwEAEwBMAQwjACcAOQCOAKIAowCyAMAAJgFIAUIBKwD//wAAAAAAAAEEAAAAAAQwLjAwAAAAARBXYXRlciBJbnRha2UgQ293AT9Db21wYXJpc29uIHdpdGggUmlza05vcm1hbCg1Ni40Nyw4LjE2LFJpc2tUcnVuY2F0ZVAoMC4wNSwwLjk1KSkBARAAAgABClN0YXRpc3RpY3MDAQEA/wEBAQEBAUwBAQEABAAAAAEBAQEBAAEBAQAEAAAAAscAAugAAB0AEFdhdGVyIEludGFrZSBDb3cAAAD/AAD/AQAAAgACADwAL1Jpc2tOb3JtYWwoNTYuNDcsOC4xNixSaXNrVHJ1bmNhdGVQKDAuMDUsMC45NSkpAAEA/wAAAAEAAAIALgE4AQEBAwGamZmZmZmpPwAAZmZmZmZm7j8AAAUAAQEBAAEBAQA= | L10: =ModelRef('SW10'!$H$35,2,0,0)+ModelRef('SW10'!$H$35,3,0,-1) -> #NAME?

Sheet SW0
A1: SW | B1: Contents
A2: 1 | B2: Data on tissue half-life and exposure calculations
A3: =A2+1 -> 2 | B3: Data on PFOS concentrations and mass fractions in different tissues
A4: =A3+1 -> 3 | B4: Data on dry matter intake (DMI) and milk production for dairy cows
A5: =A4+1 -> 4 | B5: Forage intake calculations for calves
A6: =A5+1 -> 5 | B6: Combined forage intake data for calves
A7: =A6+1 -> 6 | B7: Water intake data for cows and finishers at different temperatures
A8: =A7+1 -> 7 | B8: Various parameter values and equations for the PFOS model
A9: =A8+1 -> 8 | B9: Deterministic model for Case Study 1
A10: =A9+1 -> 9 | B10: Graph of model versus in vivo results for Case Study 1
A11: =A10+1 -> 10 | B11: Probabilistic model for Case Study 1
A12: =A11+1 -> 11 | B12: Statistical analysis of results for muscle PFOS at 675 days
A13: =A12+1 -> 12 | B13: Deterministic model for Case Study 2
A14: =A13+1 -> 13 | B14: Graph of model versus in vivo results for Case Study 2
... A25: =A24+1 -> 24 | B25: Statistical analysis results for muscle PFOS at 540 days in the generic model

Sheet SW1
A1: 129.91777 | C1: =AVERAGE(A1:A4200) -> 108.86449 | E1: Study | F1: Tissue | G1: Half Life | H1: S.D. | I1: Exposure | J1: Type | K1: Tissue | L1: Duration | M1: Divisor | N1: Total Weight
A2: 124.85987 | C2: =_xlfn.STDEV.P(A1:A4200) -> 40.484373 | E2: Lupton 2014 | F2: Body | G2: 114.2 | H2: =G2*0.2 -> 22.84 | I2: 1 | J2: 3 | K2: 3 | L2: 1 | M2: 1 | N2: =I2*J2*K2*L2/M2 -> 9 | O2: =G2*N2 -> 1027.8
A3: 119.31015 | E3: Lupton 2015 | F3: Steer Plasma | G3: 120 | H3: 4.1 | I3: 1 | J3: 3 | K3: 1 | L3: 3 | M3: 3 | N3: =I3*J3*K3*L3/M3 -> 3 | O3: =G3*N3 -> 360
A4: 104.88912 | E4: Lupton 2015 | F4: Hiefer Plasma | G4: 106 | H4: 23.1 | I4: 1 | J4: 3 | K4: 1 | L4: 3 | M4: 3 | N4: =I4*J4*K4*L4/M4 -> 3 | O4: =G4*N4 -> 318
A5: 109.14386 | E5: Lupton 2015 | F5: Grouped Muscle | G5: 165 | H5: =G5*0.2 -> 33 | I5: 1 | J5: 3 | K5: 3 | L5: 3 | M5: 3 | N5: =I5*J5*K5*L5/M5 -> 9 | O5: =G5*N5 -> 1485
A6: 130.66413 | E6: Drew 2021 | F6: Serum | G6: 74.1 | H6: 13.4 | I6: 3 | J6: 1 | K6: 1 | L6: 3 | M6: 2 | N6: =I6*J6*K6*L6/M6 -> 4.5 | O6: =G6*N6 -> 333.45
A7: 75.011292 | E7: Drew 2021 | F7: Muscle | G7: 77 | H7: =G7*0.2 -> 15.4 | I7: 3 | J7: 1 | K7: 3 | L7: 3 | M7: 2 | N7: =I7*J7*K7*L7/M7 -> 13.5 | O7: =G7*N7 -> 1039.5
A8: 108.74896 | N8: =SUM(N2:N7) -> 42 | O8: =SUM(O2:O7) -> 4563.75 | P8: =O8/N8 -> 108.66071
A9: 126.67727
A10: 121.35497
A11: 113.02342
A12: 121.82536
A13: 74.880862
A14: 113.57792
A15: 114.85352
A16: 76.76864
A17: 139.45082
A18: 81.954406
A19: 113.85233
A20: 114.96174
... A4200: 115.43436

Sheet SW2
A1: Mass of Tissues | B1: % BW | C1: Fraction | D1: SD
A2: Blood | B2: 3.99 | C2: =B2/100 -> 0.0399 | D2: 0.0068
A3: Liver | B3: 1.22 | C3: =B3/100 -> 0.0122 | D3: 0.0018
A4: Kidney | B4: 0.21 | C4: =B4/100 -> 0.0021 | D4: 0.005
A5: Muscle | B5: 36.1 | C5: =B5/100 -> 0.361 | D5: 0.1173
A6: Fat | B6: 12.18 | C6: =B6/100 -> 0.1218 | D6: 0.0506
A7: Bone | B7: 8.66 | C7: =B7/100 -> 0.0866 | D7: 0.0149
A9: PFOS Conc in Tissues | B9: Drew | C9: Lupton Steer | D9: Lupton Heifer 343
A10: Conc in Blood | B10: 1 | C10: 0.15 | D10: 8.33
A11: Conc in Liver | B11: 1.64 | C11: 0.149 | D11: 4.74
A12: Conc in Kidney | B12: 0.58 | C12: 0.082 | D12: 2.36
A13: Conc in Muscle | B13: 0.08 | C13: =AVERAGE(0.004,0.007,0.004,0.004) -> 0.00475 | D13: =AVERAGE(0.27,0.3,0.17,0.39) -> 0.2825
A14: Conc in Fat | C14: 0.037 | D14: 0.87
A15: Conc in Bone | C15: 0.003 | D15: 0.23
A17: PFOS Mass in Tissues
A18: Mass in Blood | B18: =B10*$B2 -> 3.99 | C18: =C10*$B2 -> 0.5985 | D18: =D10*$B2 -> 33.2367
A19: Mass in Liver | B19: =B11*$B3 -> 2.0008 | C19: =C11*$B3 -> 0.18178 | D19: =D11*$B3 -> 5.7828
A20: Mass in Kidney | B20: =B12*$B4 -> 0.1218 | C20: =C12*$B4 -> 0.01722 | D20: =D12*$B4 -> 0.4956
A21: Mass in Muscle | B21: =B13*$B5 -> 2.888 | C21: =C13*$B5 -> 0.171475 | D21: =D13*$B5 -> 10.19825
A22: Mass in Fat | C22: =C14*$B6 -> 0.45066 | D22: =D14*$B6 -> 10.5966
A23: Mass in Bone | C23: =C15*$B7 -> 0.02598 | D23: =D15*$B7 -> 1.9918
A25: Total mass of PFOS in Tissues | B25: =SUM(B18:B21) -> 9.0006 | C25: =SUM(C18:C23) -> 1.445615 | D25: =SUM(D18:D23) -> 62.30175
A26: Mass Fraction PFOS in Muscle | B26: =(B21)/B25 -> 0.3208675 | C26: =(C21)/C25 -> 0.11861734 | D26: =(D21)/D25 -> 0.16369123
A27: Muscle:Serum Partition | B27: =B13/B10 -> 0.08
B29: muscle:body
A30: Drew | B30: 0.321
A31: Lupton Average | B31: =(0.119+0.164)/2 -> 0.1415
A32: Average | B32: =AVERAGE(B30:B31) -> 0.23125
A33: St Dev | B33: =_xlfn.STDEV.P(B30:B31) -> 0.08975

Sheet SW3
B2: Days Since Calving | C2: DMI per Level of Nutrition (kg/d) | F2: Average DMI (kg) | G2: DMI SD
C3: A | D3: B | E3: C
B4: 30 | C4: 11.14 | D4: 11.96 | E4: 13.6 | F4: =AVERAGE(C4:E4) -> 12.233333 | G4: =_xlfn.STDEV.P(C4:E4) -> 1.0227197
B5: 60 | C5: 11.4 | D5: 12.23 | E5: 13.42 | F5: =AVERAGE(C5:E5) -> 12.35 | G5: =_xlfn.STDEV.P(C5:E5) -> 0.82901548
B6: 90 | C6: 12.12 | D6: 12.72 | E6: 13.79 | F6: =AVERAGE(C6:E6) -> 12.876667 | G6: =_xlfn.STDEV.P(C6:E6) -> 0.69071621
B7: 120 | C7: 11.83 | D7: 12.43 | E7: 13.5 | F7: =AVERAGE(C7:E7) -> 12.586667 | G7: =_xlfn.STDEV.P(C7:E7) -> 0.69071621
B8: 150 | C8: 11.54 | D8: 12.14 | E8: 13.21 | F8: =AVERAGE(C8:E8) -> 12.296667 | G8: =_xlfn.STDEV.P(C8:E8) -> 0.69071621
B9: 180 | C9: 11.3 | D9: 11.9 | E9: 12.97 | F9: =AVERAGE(C9:E9) -> 12.056667 | G9: =_xlfn.STDEV.P(C9:E9) -> 0.69071621
B10: 210 | C10: 10.68 | D10: 11.28 | E10: 12.35 | F10: =AVERAGE(C10:E10) -> 11.436667 | G10: =_xlfn.STDEV.P(C10:E10) -> 0.69071621
B13: Days Since Calving | C13: Peak Milk Production (kg/d) | G13: Average Milk Production (kg/d) | H13: Milk SD
C14: 5 | D14: 8 | E14: 11 | F14: 14
B15: 30 | C15: 3.9999973 | D15: 6.4275445 | E15: 8.8146 | F15: 11.2 | G15: 7.6105354 | H15: 2.6818595
B16: 60 | C16: 5.0329961 | D16: 8.0459092 | E16: 11.007172 | F16: 14.054519 | G16: 9.5351492 | H16: 3.3570364
B17: 90 | C17: 4.7747464 | D17: 7.5294098 | E17: 10.335723 | F17: 13.193687 | G17: 8.9583915 | H17: 3.1376601
B18: 120 | C18: 3.9483473 | D18: 6.3242446 | E18: 8.6312752 | F18: 10.955523 | G18: 7.4648474 | H18: 2.6082616
B19: 150 | C19: 3.0702984 | D19: 4.9296962 | E19: 6.8235273 | F19: 8.6484919 | G19: 5.8680034 | H19: 2.0827696
B20: 180 | C20: 2.3299825 | D20: 3.6900976 | E20: 5.1190793 | F20: 6.4619777 | G20: 4.4002843 | H20: 1.5457814
B21: 210 | C21: 1.7273999 | D21: 2.7087488 | E21: 3.672881 | F21: 4.6714465 | G21: 3.195119 | H21: 1.0952802

Sheet SW4
M6: Forage Source | N6: DEF | O6: Forage Source | P6: DEF
A7: Age (d) | B7: BW (kg) | C7: DMIF (kg) | D7: DMIF SD | E7: DMIM (kg) | F7: DMIM SD (kg) | G7: DMIF+M | M7: Alfalfa Hay | N7: 2.43 | O7: Mix Grass+Leg. Sil., immature | P7: 2.39
A8: 0 | B8: 35.451613 | C8: =G8-(4.87*E9)/P$31 -> -0.90115103 | D8: =C8*P$32 -> -0.23699936 | G8: =(0.0783*B8)/P$31 -> 1.2247888 | M8: Almond Hulls | N8: 2.89 | O8: Mix Grass+Leg. Sil., mature | P8: 2.07
A9: 30 | B9: 53.769011 | C9: =G9-(4.87*E10)/P$31 -> -0.80594307 | D9: =C9*P$32 -> -0.21196003 | E9: ='SW3'!$G$15*0.13 -> 0.98936961 | F9: ='SW3'!H15*0.13 -> 0.34864173 | G9: =(0.0783*B9)/P$31 -> 1.8576216 | M9: Barley Silage, headed | N9: 2.28 | O9: Mix Grass+Leg. Sil., mid-mat. | P9: 2.25
A10: 60 | B10: 75.036966 | C10: =G10-(4.87*E11)/P$31 -> 0.089938574 | D10: =C10*P$32 -> 0.02365351 | E10: ='SW3'!G16*0.13 -> 1.2395694 | F10: ='SW3'!H16*0.13 -> 0.43641473 | G10: =(0.0783*B10)/P$31 -> 2.5923908 | M10: Bermudagrass hay, Coastal | N10: 1.87 | O10: Mix Grass+Legume Hay, mature | P10: 2.11
A11: 90 | B11: 98.965699 | C11: =G11-(4.87*E12)/P$31 -> 1.3338419 | D11: =C11*P$32 -> 0.35079546 | E11: ='SW3'!G17*0.13 -> 1.1645909 | F11: ='SW3'!H17*0.13 -> 0.40789581 | G11: =(0.0783*B11)/P$31 -> 3.419085 | M11: Bermudagrass hay, Tifton-85 | N11: 1.86 | O11: Mix Grass+Legume Hay, immat. | P11: 2.46
A12: 120 | B12: 125.23954 | C12: =G12-(4.87*E13)/P$31 -> 2.6876204 | D12: =C12*P$32 -> 0.70683414 | E12: ='SW3'!G18*0.13 -> 0.97043016 | F12: ='SW3'!H18*0.13 -> 0.33907401 | G12: =(0.0783*B12)/P$31 -> 4.3267983 | M12: Corn Silage, immature | N12: 2.45 | O12: Mostly Grass Hay, immature | P12: 2.35
A13: 150 | B13: 153.51691 | C13: =G13-(4.87*E14)/P$31 -> 4.0745474 | D13: =C13*P$32 -> 1.0715908 | E13: ='SW3'!G19*0.13 -> 0.76284045 | F13: ='SW3'!H19*0.13 -> 0.27076004 | G13: =(0.0783*B13)/P$31 -> 5.3037303 | M13: Corn Silage, mature | N13: 2.78 | O13: Mostly Grass Hay, mature | P13: 2.08
A14: 180 | B14: 183.43036 | C14: =G14-(4.87*E15)/P$31 -> 5.4446557 | D14: =C14*P$32 -> 1.4319242 | E14: ='SW3'!G20*0.13 -> 0.57203696 | F14: ='SW3'!H20*0.13 -> 0.20095158 | G14: =(0.0783*B14)/P$31 -> 6.3371856 | M14: Corn Silage, normal | N14: 2.75 | O14: Mostly Grass Hay, mid-mat. | P14: 2.19
A15: 210 | B15: 214.58654 | C15: =G15-(4.87*E16)/P$31 -> 7.4135748 | D15: =C15*P$32 -> 1.9497425 | E15: ='SW3'!G21*0.13 -> 0.41536548 | F15: ='SW3'!H21*0.13 -> 0.14238642 | G15: =(0.0783*B15)/P$31 -> 7.4135748 | M15: Corn, Yellow, cobs | N15: 1.76 | O15: Mostly Grass Silage, mid-mat. | P15: 2.19
A16: 240 | B16: 246.56618 | C16: =G16-(4.87*E17)/P$31 -> 8.5184133 | D16: =C16*P$32 -> 2.240311 | G16: =(0.0783*B16)/P$31 -> 8.5184133 | M16: Cottonseed, hulls | N16: 1.69 | O16: Mostly Grass Silage, immat. | P16: 2.34
B17: DMIF = (0.0783 x BW - 4.87 x DMIM)/DEF calculated from fluid milk production | M17: Cottonseed, whole with lint | N17: 2.89 | O17: Mostly Grass Silage, mature | P17: 2.01
B18: DMIF: dry matter intake for forage | M18: Grass Hay, cool season, mature | N18: 2.04 | O18: Mostly Legume Hay, immature | P18: 2.49
B19: DMIM: dry matter intake for milk | M19: Grass Hay, cool season, immature | N19: 2.36 | O19: Mostly Legume Hay, mature | P19: 2.2
B20: DMIF+M: total dry matter intake for forage plus milk | M20: Grass Hay, cool season, mid-mat. | N20: 2.18 | O20: Mostly Legume Hay, mid-mat. | P20: 2.35
B21: Milk: assume 13% DM | M21: Grass Pasture, cool season, veg. | N21: 2.39 | O21: Mostly Legume Silage, immature | P21: 2.38
B22: DEF: digestible energy in Mcal/kg of forage =2.27 (average for 50 forages) | M22: Grass Silage, cool season, immature | N22: 2.3 | O22: Mostly Legume Silage, mid-mat. | P22: 2.27
M23: Grass Silage, cool season, mature | N23: 1.98 | O23: Mostly Legume Silage, mature | P23: 2.11
M24: Grass Silage, cool season, mid-mat. | N24: 2.16 | O24: Oats, Hay, headed | P24: 2.16
M25: Legume Forage Hay, immature | N25: 2.62 | O25: Oats, Silage, headed | P25: 2.04
M26: Legume Forage Hay, mature | N26: 2.21 | O26: Rye, Annual, Silage, veg. | P26: 2.12
M27: Legume Forage Hay, mid-mat. | N27: 2.43 | O27: Sorghum, Grain Type, Silage | P27: 2.17
M28: Legume Forage Pasture, veg. | N28: 2.71 | O28: Sorghum, Sudan Type, Hay | P28: 2
M29: Legume Forage Silage, mid-mat. | N29: 2.35 | O29: Sorghum, Sudan Type, Silage | P29: 1.95
M30: Legume Forage Silage, immat. | N30: 2.52 | O30: Soybean, hulls | P30: 2.25
M31: Legume Forage Silage, mature | N31: 2.19 | O31: Average | P31: =AVERAGE(N7:N32,P7:P30) -> 2.2664
M32: Mix Grass+Leg. Hay, mid-mat. | N32: 2.3 | O32: SD | P32: =_xlfn.STDEV.P(N7:N32,P7:P30) -> 0.26299627

Sheet SW5
B3: Age (d) | C3: BW (kg) | D3: Original Data | F3: Extrapoalted Data | H3: Combined Data
D4: Forage DMI (kg) | E4: SD | F4: Forage DMI (kg) | G4: SD | H4: Forage DMI (kg) | I4: SD
B5: 60 | C5: 75.036966 | D5: ='SW4'!C10 -> 0.089938574 | E5: ='SW4'!D10 -> 0.02365351 | H5: =D5 -> 0.089938574 | I5: =E5 -> 0.02365351
B6: 90 | C6: 98.965699 | D6: ='SW4'!C11 -> 1.3338419 | E6: ='SW4'!D11 -> 0.35079546 | H6: =D6 -> 1.3338419 | I6: =E6 -> 0.35079546
B7: 120 | C7: 125.23954 | D7: ='SW4'!C12 -> 2.6876204 | E7: ='SW4'!D12 -> 0.70683414 | H7: =D7 -> 2.6876204 | I7: =E7 -> 0.70683414
B8: 150 | C8: 153.51691 | D8: ='SW4'!C13 -> 4.0745474 | E8: ='SW4'!D13 -> 1.0715908 | H8: =D8 -> 4.0745474 | I8: =E8 -> 1.0715908
B9: 180 | C9: 183.43036 | D9: ='SW4'!C14 -> 5.4446557 | E9: ='SW4'!D14 -> 1.4319242 | F9: =(0.0186*B9) + 2.5417 -> 5.8897 | G9: 0.44988888 | H9: =(D9+F9)/2 -> 5.6671779 | I9: =(E9+G9)/2 -> 0.94090652
B10: 210 | C10: 214.58654 | D10: ='SW4'!C15 -> 7.4135748 | E10: ='SW4'!D15 -> 1.9497425 | F10: =(0.0186*B10) + 2.5417 -> 6.4477 | G10: 0.44988888 | H10: =(D10+F10)/2 -> 6.9306374 | I10: =(E10+G10)/2 -> 1.1998157
B11: 240 | C11: 246.56618 | D11: ='SW4'!C16 -> 8.5184133 | E11: ='SW4'!D16 -> 2.240311 | F11: =(0.0186*B11) + 2.5417 -> 7.0057 | G11: 0.44988888 | H11: =(D11+F11)/2 -> 7.7620567 | I11: =(E11+G11)/2 -> 1.3450999 | M11: BW (kg) | N11: DMI per Level of Nutriion (kg/d) | S11: Average | T11: SD
B12: 270 | C12: 279 | F12: =(0.0186*B12) + 2.5417 -> 7.5637 | G12: 0.44988888 | H12: =F12 -> 7.5637 | I12: =G12 -> 0.44988888 | N12: A | O12: B | P12: C | Q12: D | R12: E
B13: 290 | C13: 300 | D13: =S13 -> 7.86 | E13: =T13 -> 0.44988888 | H13: =S13 -> 7.86 | I13: =T13 -> 0.44988888 | M13: 300 | N13: 7.9 | O13: 8.4 | P13: 8.2 | Q13: 7.7 | R13: 7.1 | S13: =AVERAGE(N13:R13) -> 7.86 | T13: =_xlfn.STDEV.P(N13:R13) -> 0.44988888
B14: 313 | C14: 325 | D14: =S14 -> 8.36 | E14: =T14 -> 0.44988888 | H14: =S14 -> 8.36 | I14: =T14 -> 0.44988888 | M14: 325 | N14: 8.4 | O14: 8.9 | P14: 8.7 | Q14: 8.2 | R14: 7.6 | S14: =AVERAGE(N14:R14) -> 8.36 | T14: =_xlfn.STDEV.P(N14:R14) -> 0.44988888
B15: 337 | C15: 350 | D15: =S15 -> 8.86 | E15: =T15 -> 0.50039984 | H15: =S15 -> 8.86 | I15: =T15 -> 0.50039984 | M15: 350 | N15: 8.9 | O15: 9.4 | P15: 9.3 | Q15: 8.7 | R15: 8 | S15: =AVERAGE(N15:R15) -> 8.86 | T15: =_xlfn.STDEV.P(N15:R15) -> 0.50039984
B16: 362 | C16: 375 | D16: =S16 -> 9.3 | E16: =T16 -> 0.52535702 | F16: (Original Data) | H16: =S16 -> 9.3 | I16: =T16 -> 0.52535702 | M16: 375 | N16: 9.4 | O16: 9.9 | P16: 9.7 | Q16: 9.1 | R16: 8.4 | S16: =AVERAGE(N16:R16) -> 9.3 | T16: =_xlfn.STDEV.P(N16:R16) -> 0.52535702
B17: 388 | C17: 400 | D17: =S17 -> 9.76 | E17: =T17 -> 0.55713553 | H17: =S17 -> 9.76 | I17: =T17 -> 0.55713553 | M17: 400 | N17: 9.8 | O17: 10.4 | P17: 10.2 | Q17: 9.6 | R17: 8.8 | S17: =AVERAGE(N17:R17) -> 9.76 | T17: =_xlfn.STDEV.P(N17:R17) -> 0.55713553
B18: 416 | C18: 425 | D18: =S18 -> 10.22 | E18: =T18 -> 0.54918121 | H18: =S18 -> 10.22 | I18: =T18 -> 0.54918121 | M18: 425 | N18: 10.3 | O18: 10.9 | P18: 10.6 | Q18: 10 | R18: 9.3 | S18: =AVERAGE(N18:R18) -> 10.22 | T18: =_xlfn.STDEV.P(N18:R18) -> 0.54918121

Sheet SW6
B3: Temperature °C | C3: Cow Water Intake (L/d) | E3: Weight (kg) | F3: Finisher Water Intake (L/d) Based on Temperature °C | L3: Average (L/d) | M3: SD
B4: 4.4 | C4: 43.1 | F4: 4.4 | G4: 10 | H4: 14.4 | I4: 21.1 | J4: 26.6 | K4: 32.2
B5: 10 | C5: 47.7 | E5: 273 | F5: 22.7 | G5: 24.6 | H5: 28 | I5: 32.9 | J5: 37.9 | K5: 54.1 | L5: =AVERAGE(F5:K5) -> 33.366667 | M5: =_xlfn.STDEV.P(F5:K5) -> 10.567823
B6: 14.4 | C6: 54.9 | E6: 364 | F6: 27.6 | G6: 29.9 | H6: 34.4 | I6: 40.5 | J6: 46.6 | K6: 65.9 | L6: =AVERAGE(F6:K6) -> 40.816667 | M6: =_xlfn.STDEV.P(F6:K6) -> 12.895402
B7: 21.1 | C7: 64 | E7: 454 | F7: 32.9 | G7: 35.6 | H7: 40.9 | I7: 47.7 | J7: 54.9 | K7: 78 | L7: =AVERAGE(F7:K7) -> 48.333333 | M7: =_xlfn.STDEV.P(F7:K7) -> 15.161428
B8: 26.6 | C8: 67.8 | L8: =AVERAGE(L5:L7) -> 40.838889 | M8: =AVERAGE(M5:M7) -> 12.874884
B9: 32.2 | C9: 61.3
B10: Average | C10: =AVERAGE(C4:C9) -> 56.466667
B11: SD | C11: =_xlfn.STDEV.P(C4:C10) -> 8.1637993

Sheet SW7
A1: Parameter | B1: Unit | C1: Value | D1: SD
A2: Half-life | B2: d | C2: 108.9 | D2: 40.5
A3: Muscle:Body PFOS | C3: 0.231 | D3: 0.09
A4: Muscle:BW | C4: 0.361 | D4: 0.117
A5: Muscle:Serum Partition | C5: 0.08 | D5: =C5*0.2 -> 0.016
A6: Birth Weight | B6: kg | C6: 35.45 | D6: 3.27
A7: BW' | B7: kg | C7: 0.5584 + 2*0.001787d - 3*1.55E-06d2 - 4*1.33E-09d3 | D7: * 0.35
A8: BW > 540 days | B8: kg | C8: BW + .32 | D8: =0.32*0.35 -> 0.112
A9: Cow DMI | B9: kg | C9: -0.0001d2 + 0.0196d + 11.697 | D9: * 0.062
A10: Milk Prod (Intake) | B10: kg | C10: -0.0000000257d4+0.0000163d3-0.003686d2+0.3024d+1.445 | D10: * 0.355
A11: Soil Intake | B11: kg | C11: 0.0243 * DMI | D11: .005 * DMI
A12: Cow Water Intake | B12: L | C12: 56.47 | D12: 8.16
A13: Milk Transfer Factor | B13: d/kg | C13: 0.0213
A14: DMI ≤ 65 d | B14: kg | C14: 0
A15: DMI > 65 d | B15: kg | C15: 5.4702 * ln(d) - 22.889 | D15: BW * .0013
A16: Water Intake ≤ 240 d | B16: L | C16: 4 * DMIF
A17: Water Intake > 240 d | B17: L | C17: 40.84 | D17: 12.87

Sheet SW8
A1: AGE | B1: WEIGHT | C1: CONCPLANT | D1: CONCSOIL | E1: CONCH2O | F1: DMICOW | G1: SOIL INTAKECOW | H1: H2O INTAKECOW | I1: PFAS INTAKECOW | J1: CONCMILK | K1: INTAKEMILK | L1: DMI | M1: SOIL INTAKE | N1: H2O INTAKE | O1: PFAS INTAKEMILK | P1: PFAS INTAKEFEED | Q1: PFAS INTAKESOIL | R1: PFAS INTAKEH2O | S1: PFAS INTAKETOTAL | T1: ELIMINATION | U1: PFASBODY | V1: PFASMUSCLE | W1: PFASSERUM
A2: d | B2: kg | C2: ng/kg dry | D2: ng/kg dry | E2: ng/L | F2: kg | G2: kg | H2: L | I2: ng | J2: ng/kg | K2: kg | L2: kg | M2: kg | N2: L | O2: ng | P2: ng | Q2: ng | R2: ng | S2: ng | T2: ng | U2: ng | V2: ug/kg | W2: ug/kg
A3: 0 | B3: ='SW7'!C6 -> 35.45 | C3: 50 | D3: 550 | E3: 1.3 | F3: =-0.0001*A3^2+0.0196*A3+11.697 -> 11.697 | G3: =F3*0.0243 -> 0.2842371 | H3: ='SW7'!C$12 -> 56.47 | I3: =F3*C3+G3*D3+H3*E3 -> 814.5914 | J3: =I3*'SW7'!C$13 -> 17.350797 | K3: =-0.0000000257*A3^4+0.0000163*A3^3-0.003686*A3^2+0.3024*A3+1.445 -> 1.445 | M3: =0.0243*L3 -> 0 | N3: =4*L3 -> 0 | O3: =J3*K3 -> 25.071902 | P3: =C3*L3 -> 0 | Q3: =D3*M3 -> 0 | R3: =E3*N3 -> 0 | S3: =SUM(O3:R3) -> 25.071902 | T3: 0 | U3: 0 | V3: =(U3*'SW7'!C$3/(B3*'SW7'!C$4)/1000) -> 0 | W3: =V3/'SW7'!C$5 -> 0
A4: =A3+1 -> 1 | B4: =B3+0.5584 + 2*0.001787*A4 -3*0.00000155*A4^2 - 4*0.00000000133*A4^3 -> 36.011969 | C4: 50 | D4: 550 | E4: 1.3 | F4: =-0.0001*A4^2+0.0196*A4+11.697 -> 11.7165 | G4: =F4*0.0243 -> 0.28471095 | H4: ='SW7'!C$12 -> 56.47 | I4: =F4*C4+G4*D4+H4*E4 -> 815.82702 | J4: =I4*'SW7'!C$13 -> 17.377116 | K4: =-0.0000000257*A4^4+0.0000163*A4^3-0.003686*A4^2+0.3024*A4+1.445 -> 1.7437303 | M4: =0.0243*L4 -> 0 | N4: =4*L4 -> 0 | O4: =J4*K4 -> 30.301003 | P4: =C4*L4 -> 0 | Q4: =D4*M4 -> 0 | R4: =E4*N4 -> 0 | S4: =SUM(O4:R4) -> 30.301003 | T4: =U3-(U3*(0.5^(1/'SW7'!C$2))) -> 0 | U4: =U3+S3-T3 -> 25.071902 | V4: =(U4*'SW7'!C$3/(B4*'SW7'!C$4)/1000) -> 0.00044549741 | W4: =V4/'SW7'!C$5 -> 0.0055687176
A5: =A4+1 -> 2 | B5: =B4+0.5584 + 2*0.001787*A5 -3*0.00000155*A5^2 - 4*0.00000000133*A5^3 -> 36.577499 | C5: 50 | D5: 550 | E5: 1.3 | F5: =-0.0001*A5^2+0.0196*A5+11.697 -> 11.7358 | G5: =F5*0.0243 -> 0.28517994 | H5: ='SW7'!C$12 -> 56.47 | I5: =F5*C5+G5*D5+H5*E5 -> 817.04997 | J5: =I5*'SW7'!C$13 -> 17.403164 | K5: =-0.0000000257*A5^4+0.0000163*A5^3-0.003686*A5^2+0.3024*A5+1.445 -> 2.035186 | M5: =0.0243*L5 -> 0 | N5: =4*L5 -> 0 | O5: =J5*K5 -> 35.418676 | P5: =C5*L5 -> 0 | Q5: =D5*M5 -> 0 | R5: =E5*N5 -> 0 | S5: =SUM(O5:R5) -> 35.418676 | T5: =U4-(U4*(0.5^(1/'SW7'!C$2))) -> 0.15907556 | U5: =U4+S4-T4 -> 55.372904 | V5: =(U5*'SW7'!C$3/(B5*'SW7'!C$4)/1000) -> 0.00096869727 | W5: =V5/'SW7'!C$5 -> 0.012108716
A6: =A5+1 -> 3 | B6: =B5+0.5584 + 2*0.001787*A6 -3*0.00000155*A6^2 - 4*0.00000000133*A6^3 -> 37.146579 | C6: 50 | D6: 550 | E6: 1.3 | F6: =-0.0001*A6^2+0.0196*A6+11.697 -> 11.7549 | G6: =F6*0.0243 -> 0.28564407 | H6: ='SW7'!C$12 -> 56.47 | I6: =F6*C6+G6*D6+H6*E6 -> 818.26024 | J6: =I6*'SW7'!C$13 -> 17.428943 | K6: =-0.0000000257*A6^4+0.0000163*A6^3-0.003686*A6^2+0.3024*A6+1.445 -> 2.319464 | M6: =0.0243*L6 -> 0 | N6: =4*L6 -> 0 | O6: =J6*K6 -> 40.425806 | P6: =C6*L6 -> 0 | Q6: =D6*M6 -> 0 | R6: =E6*N6 -> 0 | S6: =SUM(O6:R6) -> 40.425806 | T6: =U5-(U5*(0.5^(1/'SW7'!C$2))) -> 0.35132858 | U6: =U5+S5-T5 -> 90.632505 | V6: =(U6*'SW7'!C$3/(B6*'SW7'!C$4)/1000) -> 0.001561241 | W6: =V6/'SW7'!C$5 -> 0.019515512
A7: =A6+1 -> 4 | B7: =B6+0.5584 + 2*0.001787*A7 -3*0.00000155*A7^2 - 4*0.00000000133*A7^3 -> 37.7192 | C7: 50 | D7: 550 | E7: 1.3 | F7: =-0.0001*A7^2+0.0196*A7+11.697 -> 11.7738 | G7: =F7*0.0243 -> 0.28610334 | H7: ='SW7'!C$12 -> 56.47 | I7: =F7*C7+G7*D7+H7*E7 -> 819.45784 | J7: =I7*'SW7'!C$13 -> 17.454452 | K7: =-0.0000000257*A7^4+0.0000163*A7^3-0.003686*A7^2+0.3024*A7+1.445 -> 2.5966606 | M7: =0.0243*L7 -> 0 | N7: =4*L7 -> 0 | O7: =J7*K7 -> 45.323288 | P7: =C7*L7 -> 0 | Q7: =D7*M7 -> 0 | R7: =E7*N7 -> 0 | S7: =SUM(O7:R7) -> 45.323288 | T7: =U6-(U6*(0.5^(1/'SW7'!C$2))) -> 0.57504278 | U7: =U6+S6-T6 -> 130.70698 | V7: =(U7*'SW7'!C$3/(B7*'SW7'!C$4)/1000) -> 0.0022173849 | W7: =V7/'SW7'!C$5 -> 0.027717312
A8: =A7+1 -> 5 | B8: =B7+0.5584 + 2*0.001787*A8 -3*0.00000155*A8^2 - 4*0.00000000133*A8^3 -> 38.295353 | C8: 50 | D8: 550 | E8: 1.3 | F8: =-0.0001*A8^2+0.0196*A8+11.697 -> 11.7925 | G8: =F8*0.0243 -> 0.28655775 | H8: ='SW7'!C$12 -> 56.47 | I8: =F8*C8+G8*D8+H8*E8 -> 820.64276 | J8: =I8*'SW7'!C$13 -> 17.479691 | K8: =-0.0000000257*A8^4+0.0000163*A8^3-0.003686*A8^2+0.3024*A8+1.445 -> 2.8668714 | M8: =0.0243*L8 -> 0 | N8: =4*L8 -> 0 | O8: =J8*K8 -> 50.112026 | P8: =C8*L8 -> 0 | Q8: =D8*M8 -> 0 | R8: =E8*N8 -> 0 | S8: =SUM(O8:R8) -> 50.112026 | T8: =U7-(U7*(0.5^(1/'SW7'!C$2))) -> 0.8293063 | U8: =U7+S7-T7 -> 175.45523 | V8: =(U8*'SW7'!C$3/(B8*'SW7'!C$4)/1000) -> 0.002931737 | W8: =V8/'SW7'!C$5 -> 0.036646713
A9: =A8+1 -> 6 | B9: =B8+0.5584 + 2*0.001787*A9 -3*0.00000155*A9^2 - 4*0.00000000133*A9^3 -> 38.875029 | C9: 50 | D9: 550 | E9: 1.3 | F9: =-0.0001*A9^2+0.0196*A9+11.697 -> 11.811 | G9: =F9*0.0243 -> 0.2870073 | H9: ='SW7'!C$12 -> 56.47 | I9: =F9*C9+G9*D9+H9*E9 -> 821.81501 | J9: =I9*'SW7'!C$13 -> 17.50466 | K9: =-0.0000000257*A9^4+0.0000163*A9^3-0.003686*A9^2+0.3024*A9+1.445 -> 3.1301915 | M9: =0.0243*L9 -> 0 | N9: =4*L9 -> 0 | O9: =J9*K9 -> 54.792937 | P9: =C9*L9 -> 0 | Q9: =D9*M9 -> 0 | R9: =E9*N9 -> 0 | S9: =SUM(O9:R9) -> 54.792937 | T9: =U8-(U8*(0.5^(1/'SW7'!C$2))) -> 1.1132238 | U9: =U8+S8-T8 -> 224.73795 | V9: =(U9*'SW7'!C$3/(B9*'SW7'!C$4)/1000) -> 0.0036992226 | W9: =V9/'SW7'!C$5 -> 0.046240283
A10: =A9+1 -> 7 | B10: =B9+0.5584 + 2*0.001787*A10 -3*0.00000155*A10^2 - 4*0.00000000133*A10^3 -> 39.458217 | C10: 50 | D10: 550 | E10: 1.3 | F10: =-0.0001*A10^2+0.0196*A10+11.697 -> 11.8293 | G10: =F10*0.0243 -> 0.28745199 | H10: ='SW7'!C$12 -> 56.47 | I10: =F10*C10+G10*D10+H10*E10 -> 822.97459 | J10: =I10*'SW7'!C$13 -> 17.529359 | K10: =-0.0000000257*A10^4+0.0000163*A10^3-0.003686*A10^2+0.3024*A10+1.445 -> 3.3867152 | M10: =0.0243*L10 -> 0 | N10: =4*L10 -> 0 | O10: =J10*K10 -> 59.366946 | P10: =C10*L10 -> 0 | Q10: =D10*M10 -> 0 | R10: =E10*N10 -> 0 | S10: =SUM(O10:R10) -> 59.366946 | T10: =U9-(U9*(0.5^(1/'SW7'!C$2))) -> 1.4259115 | U10: =U9+S9-T9 -> 278.41766 | V10: =(U10*'SW7'!C$3/(B10*'SW7'!C$4)/1000) -> 0.004515066 | W10: =V10/'SW7'!C$5 -> 0.056438325
A11: =A10+1 -> 8 | B11: =B10+0.5584 + 2*0.001787*A11 -3*0.00000155*A11^2 - 4*0.00000000133*A11^3 -> 40.044909 | C11: 50 | D11: 550 | E11: 1.3 | F11: =-0.0001*A11^2+0.0196*A11+11.697 -> 11.8474 | G11: =F11*0.0243 -> 0.28789182 | H11: ='SW7'!C$12 -> 56.47 | I11: =F11*C11+G11*D11+H11*E11 -> 824.1215 | J11: =I11*'SW7'!C$13 -> 17.553788 | K11: =-0.0000000257*A11^4+0.0000163*A11^3-0.003686*A11^2+0.3024*A11+1.445 -> 3.6365363 | M11: =0.0243*L11 -> 0 | N11: =4*L11 -> 0 | O11: =J11*K11 -> 63.834988 | P11: =C11*L11 -> 0 | Q11: =D11*M11 -> 0 | R11: =E11*N11 -> 0 | S11: =SUM(O11:R11) -> 63.834988 | T11: =U10-(U10*(0.5^(1/'SW7'!C$2))) -> 1.7664972 | U11: =U10+S10-T10 -> 336.3587 | V11: =(U11*'SW7'!C$3/(B11*'SW7'!C$4)/1000) -> 0.0053747731 | W11: =V11/'SW7'!C$5 -> 0.067184663
A12: =A11+1 -> 9 | B12: =B11+0.5584 + 2*0.001787*A12 -3*0.00000155*A12^2 - 4*0.00000000133*A12^3 -> 40.635094 | C12: 50 | D12: 550 | E12: 1.3 | F12: =-0.0001*A12^2+0.0196*A12+11.697 -> 11.8653 | G12: =F12*0.0243 -> 0.28832679 | H12: ='SW7'!C$12 -> 56.47 | I12: =F12*C12+G12*D12+H12*E12 -> 825.25573 | J12: =I12*'SW7'!C$13 -> 17.577947 | K12: =-0.0000000257*A12^4+0.0000163*A12^3-0.003686*A12^2+0.3024*A12+1.445 -> 3.8797481 | M12: =0.0243*L12 -> 0 | N12: =4*L12 -> 0 | O12: =J12*K12 -> 68.198007 | P12: =C12*L12 -> 0 | Q12: =D12*M12 -> 0 | R12: =E12*N12 -> 0 | S12: =SUM(O12:R12) -> 68.198007 | T12: =U11-(U11*(0.5^(1/'SW7'!C$2))) -> 2.13412 | U12: =U11+S11-T11 -> 398.42719 | V12: =(U12*'SW7'!C$3/(B12*'SW7'!C$4)/1000) -> 0.006274115 | W12: =V12/'SW7'!C$5 -> 0.078426437
A13: =A12+1 -> 10 | B13: =B12+0.5584 + 2*0.001787*A13 -3*0.00000155*A13^2 - 4*0.00000000133*A13^3 -> 41.228764 | C13: 50 | D13: 550 | E13: 1.3 | F13: =-0.0001*A13^2+0.0196*A13+11.697 -> 11.883 | G13: =F13*0.0243 -> 0.2887569 | H13: ='SW7'!C$12 -> 56.47 | I13: =F13*C13+G13*D13+H13*E13 -> 826.3773 | J13: =I13*'SW7'!C$13 -> 17.601836 | K13: =-0.0000000257*A13^4+0.0000163*A13^3-0.003686*A13^2+0.3024*A13+1.445 -> 4.116443 | M13: =0.0243*L13 -> 0 | N13: =4*L13 -> 0 | O13: =J13*K13 -> 72.456956 | P13: =C13*L13 -> 0 | Q13: =D13*M13 -> 0 | R13: =E13*N13 -> 0 | S13: =SUM(O13:R13) -> 72.456956 | T13: =U12-(U12*(0.5^(1/'SW7'!C$2))) -> 2.5279306 | U13: =U12+S12-T12 -> 464.49107 | V13: =(U13*'SW7'!C$3/(B13*'SW7'!C$4)/1000) -> 0.0072091131 | W13: =V13/'SW7'!C$5 -> 0.090113914
A14: =A13+1 -> 11 | B14: =B13+0.5584 + 2*0.001787*A14 -3*0.00000155*A14^2 - 4*0.00000000133*A14^3 -> 41.825908 | C14: 50 | D14: 550 | E14: 1.3 | F14: =-0.0001*A14^2+0.0196*A14+11.697 -> 11.9005 | G14: =F14*0.0243 -> 0.28918215 | H14: ='SW7'!C$12 -> 56.47 | I14: =F14*C14+G14*D14+H14*E14 -> 827.48618 | J14: =I14*'SW7'!C$13 -> 17.625456 | K14: =-0.0000000257*A14^4+0.0000163*A14^3-0.003686*A14^2+0.3024*A14+1.445 -> 4.346713 | M14: =0.0243*L14 -> 0 | N14: =4*L14 -> 0 | O14: =J14*K14 -> 76.612798 | P14: =C14*L14 -> 0 | Q14: =D14*M14 -> 0 | R14: =E14*N14 -> 0 | S14: =SUM(O14:R14) -> 76.612798 | T14: =U13-(U13*(0.5^(1/'SW7'!C$2))) -> 2.947091 | U14: =U13+S13-T13 -> 534.4201 | V14: =(U14*'SW7'!C$3/(B14*'SW7'!C$4)/1000) -> 0.0081760245 | W14: =V14/'SW7'!C$5 -> 0.10220031
A15: =A14+1 -> 12 | B15: =B14+0.5584 + 2*0.001787*A15 -3*0.00000155*A15^2 - 4*0.00000000133*A15^3 -> 42.426517 | C15: 50 | D15: 550 | E15: 1.3 | F15: =-0.0001*A15^2+0.0196*A15+11.697 -> 11.9178 | G15: =F15*0.0243 -> 0.28960254 | H15: ='SW7'!C$12 -> 56.47 | I15: =F15*C15+G15*D15+H15*E15 -> 828.5824 | J15: =I15*'SW7'!C$13 -> 17.648805 | K15: =-0.0000000257*A15^4+0.0000163*A15^3-0.003686*A15^2+0.3024*A15+1.445 -> 4.5706495 | M15: =0.0243*L15 -> 0 | N15: =4*L15 -> 0 | O15: =J15*K15 -> 80.666502 | P15: =C15*L15 -> 0 | Q15: =D15*M15 -> 0 | R15: =E15*N15 -> 0 | S15: =SUM(O15:R15) -> 80.666502 | T15: =U14-(U14*(0.5^(1/'SW7'!C$2))) -> 3.3907749 | U15: =U14+S14-T14 -> 608.08581 | V15: =(U15*'SW7'!C$3/(B15*'SW7'!C$4)/1000) -> 0.0091713288 | W15: =V15/'SW7'!C$5 -> 0.11464161
... A69: =A68+1 -> 66 | B69: =B68+0.5584 + 2*0.001787*A69 -3*0.00000155*A69^2 - 4*0.00000000133*A69^3 -> 79.724709 | C69: 30 | D69: 310 | E69: 1.3 | F69: =-0.0001*A69^2+0.0196*A69+11.697 -> 12.555 | G69: =F69*0.0243 -> 0.3050865 | H69: ='SW7'!C$12 -> 56.47 | I69: =F69*C69+G69*D69+H69*E69 -> 544.63782 | J69: =I69*'SW7'!C$13 -> 11.600785 | K69: =-0.0000000257*A69^4+0.0000163*A69^3-0.003686*A69^2+0.3024*A69+1.445 -> 9.5457181 | M69: =0.0243*L69 -> 0 | N69: =4*L69 -> 0 | O69: =J69*K69 -> 110.73783 | P69: =C69*L69 -> 0 | Q69: =D69*M69 -> 0 | R69: =E69*N69 -> 0 | S69: =SUM(O69:R69) -> 110.73783 | T69: =U68-(U68*(0.5^(1/'SW7'!C$2))) -> 37.85901 | U69: =U68+S68-T68 -> 6040.251 | V69: =(U69*'SW7'!C$3/(B69*'SW7'!C$4)/1000) -> 0.04848047 | W69: =V69/'SW7'!C$5 -> 0.60600587
A70: =A69+1 -> 67 | B70: =B69+0.5584 + 2*0.001787*A70 -3*0.00000155*A70^2 - 4*0.00000000133*A70^3 -> 80.500094 | C70: 30 | D70: 310 | E70: 1.3 | F70: =-0.0001*A70^2+0.0196*A70+11.697 -> 12.5613 | G70: =F70*0.0243 -> 0.30523959 | H70: ='SW7'!C$12 -> 56.47 | I70: =F70*C70+G70*D70+H70*E70 -> 544.87427 | J70: =I70*'SW7'!C$13 -> 11.605822 | K70: =-0.0000000257*A70^4+0.0000163*A70^3-0.003686*A70^2+0.3024*A70+1.445 -> 9.5438991 | L70: =5.4702 * LN(A70) - 22.889 -> 0.11150957 | M70: =0.0243*L70 -> 0.0027096825 | N70: =4*L70 -> 0.44603827 | O70: =J70*K70 -> 110.76479 | P70: =C70*L70 -> 3.345287 | Q70: =D70*M70 -> 0.84000157 | R70: =E70*N70 -> 0.57984975 | S70: =SUM(O70:R70) -> 115.52993 | T70: =U69-(U69*(0.5^(1/'SW7'!C$2))) -> 38.324029 | U70: =U69+S69-T69 -> 6113.1298 | V70: =(U70*'SW7'!C$3/(B70*'SW7'!C$4)/1000) -> 0.04859281 | W70: =V70/'SW7'!C$5 -> 0.60741012
A71: =A70+1 -> 68 | B71: =B70+0.5584 + 2*0.001787*A71 -3*0.00000155*A71^2 - 4*0.00000000133*A71^3 -> 81.278351 | C71: 30 | D71: 310 | E71: 1.3 | F71: =-0.0001*A71^2+0.0196*A71+11.697 -> 12.5674 | G71: =F71*0.0243 -> 0.30538782 | H71: ='SW7'!C$12 -> 56.47 | I71: =F71*C71+G71*D71+H71*E71 -> 545.10322 | J71: =I71*'SW7'!C$13 -> 11.610699 | K71: =-0.0000000257*A71^4+0.0000163*A71^3-0.003686*A71^2+0.3024*A71+1.445 -> 9.5398762 | L71: =5.4702 * LN(A71) - 22.889 -> 0.19255105 | M71: =0.0243*L71 -> 0.0046789905 | N71: =4*L71 -> 0.7702042 | O71: =J71*K71 -> 110.76463 | P71: =C71*L71 -> 5.7765315 | Q71: =D71*M71 -> 1.4504871 | R71: =E71*N71 -> 1.0012655 | S71: =SUM(O71:R71) -> 118.99291 | T71: =U70-(U70*(0.5^(1/'SW7'!C$2))) -> 38.786429 | U71: =U70+S70-T70 -> 6190.3357 | V71: =(U71*'SW7'!C$3/(B71*'SW7'!C$4)/1000) -> 0.048735351 | W71: =V71/'SW7'!C$5 -> 0.60919188
A72: =A71+1 -> 69 | B72: =B71+0.5584 + 2*0.001787*A72 -3*0.00000155*A72^2 - 4*0.00000000133*A72^3 -> 82.059471 | C72: 30 | D72: 310 | E72: 1.3 | F72: =-0.0001*A72^2+0.0196*A72+11.697 -> 12.5733 | G72: =F72*0.0243 -> 0.30553119 | H72: ='SW7'!C$12 -> 56.47 | I72: =F72*C72+G72*D72+H72*E72 -> 545.32467 | J72: =I72*'SW7'!C$13 -> 11.615415 | K72: =-0.0000000257*A72^4+0.0000163*A72^3-0.003686*A72^2+0.3024*A72+1.445 -> 9.5337057 | L72: =5.4702 * LN(A72) - 22.889 -> 0.2724094 | M72: =0.0243*L72 -> 0.0066195485 | N72: =4*L72 -> 1.0896376 | O72: =J72*K72 -> 110.73795 | P72: =C72*L72 -> 8.172282 | Q72: =D72*M72 -> 2.05206 | R72: =E72*N72 -> 1.4165289 | S72: =SUM(O72:R72) -> 122.37882 | T72: =U71-(U71*(0.5^(1/'SW7'!C$2))) -> 39.276283 | U72: =U71+S71-T71 -> 6270.5422 | V72: =(U72*'SW7'!C$3/(B72*'SW7'!C$4)/1000) -> 0.048896881 | W72: =V72/'SW7'!C$5 -> 0.61121102
A73: =A72+1 -> 70 | B73: =B72+0.5584 + 2*0.001787*A73 -3*0.00000155*A73^2 - 4*0.00000000133*A73^3 -> 82.843441 | C73: 30 | D73: 310 | E73: 1.3 | F73: =-0.0001*A73^2+0.0196*A73+11.697 -> 12.579 | G73: =F73*0.0243 -> 0.3056697 | H73: ='SW7'!C$12 -> 56.47 | I73: =F73*C73+G73*D73+H73*E73 -> 545.53861 | J73: =I73*'SW7'!C$13 -> 11.619972 | K73: =-0.0000000257*A73^4+0.0000163*A73^3-0.003686*A73^2+0.3024*A73+1.445 -> 9.525443 | L73: =5.4702 * LN(A73) - 22.889 -> 0.35111867 | M73: =0.0243*L73 -> 0.0085321838 | N73: =4*L73 -> 1.4044747 | O73: =J73*K73 -> 110.68538 | P73: =C73*L73 -> 10.53356 | Q73: =D73*M73 -> 2.644977 | R73: =E73*N73 -> 1.8258171 | S73: =SUM(O73:R73) -> 125.68974 | T73: =U72-(U72*(0.5^(1/'SW7'!C$2))) -> 39.785175 | U73: =U72+S72-T72 -> 6353.6447 | V73: =(U73*'SW7'!C$3/(B73*'SW7'!C$4)/1000) -> 0.049076047 | W73: =V73/'SW7'!C$5 -> 0.61345059
A74: =A73+1 -> 71 | B74: =B73+0.5584 + 2*0.001787*A74 -3*0.00000155*A74^2 - 4*0.00000000133*A74^3 -> 83.63025 | C74: 30 | D74: 310 | E74: 1.3 | F74: =-0.0001*A74^2+0.0196*A74+11.697 -> 12.5845 | G74: =F74*0.0243 -> 0.30580335 | H74: ='SW7'!C$12 -> 56.47 | I74: =F74*C74+G74*D74+H74*E74 -> 545.74504 | J74: =I74*'SW7'!C$13 -> 11.624369 | K74: =-0.0000000257*A74^4+0.0000163*A74^3-0.003686*A74^2+0.3024*A74+1.445 -> 9.5151431 | L74: =5.4702 * LN(A74) - 22.889 -> 0.42871146 | M74: =0.0243*L74 -> 0.010417689 | N74: =4*L74 -> 1.7148459 | O74: =J74*K74 -> 110.60754 | P74: =C74*L74 -> 12.861344 | Q74: =D74*M74 -> 3.2294835 | R74: =E74*N74 -> 2.2292996 | S74: =SUM(O74:R74) -> 128.92766 | T74: =U73-(U73*(0.5^(1/'SW7'!C$2))) -> 40.312441 | U74: =U73+S73-T73 -> 6439.5493 | V74: =(U74*'SW7'!C$3/(B74*'SW7'!C$4)/1000) -> 0.049271621 | W74: =V74/'SW7'!C$5 -> 0.61589527
A75: =A74+1 -> 72 | B75: =B74+0.5584 + 2*0.001787*A75 -3*0.00000155*A75^2 - 4*0.00000000133*A75^3 -> 84.419887 | C75: 30 | D75: 310 | E75: 1.3 | F75: =-0.0001*A75^2+0.0196*A75+11.697 -> 12.5898 | G75: =F75*0.0243 -> 0.30593214 | H75: ='SW7'!C$12 -> 56.47 | I75: =F75*C75+G75*D75+H75*E75 -> 545.94396 | J75: =I75*'SW7'!C$13 -> 11.628606 | K75: =-0.0000000257*A75^4+0.0000163*A75^3-0.003686*A75^2+0.3024*A75+1.445 -> 9.5028603 | L75: =5.4702 * LN(A75) - 22.889 -> 0.505219 | M75: =0.0243*L75 -> 0.012276822 | N75: =4*L75 -> 2.020876 | O75: =J75*K75 -> 110.50502 | P75: =C75*L75 -> 15.15657 | Q75: =D75*M75 -> 3.8058148 | R75: =E75*N75 -> 2.6271388 | S75: =SUM(O75:R75) -> 132.09455 | T75: =U74-(U74*(0.5^(1/'SW7'!C$2))) -> 40.857487 | U75: =U74+S74-T74 -> 6528.1645 | V75: =(U75*'SW7'!C$3/(B75*'SW7'!C$4)/1000) -> 0.049482439 | W75: =V75/'SW7'!C$5 -> 0.61853049
A76: =A75+1 -> 73 | B76: =B75+0.5584 + 2*0.001787*A76 -3*0.00000155*A76^2 - 4*0.00000000133*A76^3 -> 85.21234 | C76: 30 | D76: 310 | E76: 1.3 | F76: =-0.0001*A76^2+0.0196*A76+11.697 -> 12.5949 | G76: =F76*0.0243 -> 0.30605607 | H76: ='SW7'!C$12 -> 56.47 | I76: =F76*C76+G76*D76+H76*E76 -> 546.13538 | J76: =I76*'SW7'!C$13 -> 11.632684 | K76: =-0.0000000257*A76^4+0.0000163*A76^3-0.003686*A76^2+0.3024*A76+1.445 -> 9.4886483 | L76: =5.4702 * LN(A76) - 22.889 -> 0.58067123 | M76: =0.0243*L76 -> 0.014110311 | N76: =4*L76 -> 2.3226849 | O76: =J76*K76 -> 110.37844 | P76: =C76*L76 -> 17.420137 | Q76: =D76*M76 -> 4.3741964 | R76: =E76*N76 -> 3.0194904 | S76: =SUM(O76:R76) -> 135.19227 | T76: =U75-(U75*(0.5^(1/'SW7'!C$2))) -> 41.41973 | U76: =U75+S75-T75 -> 6619.4016 | V76: =(U76*'SW7'!C$3/(B76*'SW7'!C$4)/1000) -> 0.049707396 | W76: =V76/'SW7'!C$5 -> 0.62134246
A77: =A76+1 -> 74 | B77: =B76+0.5584 + 2*0.001787*A77 -3*0.00000155*A77^2 - 4*0.00000000133*A77^3 -> 86.007596 | C77: 30 | D77: 310 | E77: 1.3 | F77: =-0.0001*A77^2+0.0196*A77+11.697 -> 12.5998 | G77: =F77*0.0243 -> 0.30617514 | H77: ='SW7'!C$12 -> 56.47 | I77: =F77*C77+G77*D77+H77*E77 -> 546.31929 | J77: =I77*'SW7'!C$13 -> 11.636601 | K77: =-0.0000000257*A77^4+0.0000163*A77^3-0.003686*A77^2+0.3024*A77+1.445 -> 9.4725602 | L77: =5.4702 * LN(A77) - 22.889 -> 0.65509687 | M77: =0.0243*L77 -> 0.015918854 | N77: =4*L77 -> 2.6203875 | O77: =J77*K77 -> 110.2284 | P77: =C77*L77 -> 19.652906 | Q77: =D77*M77 -> 4.9348447 | R77: =E77*N77 -> 3.4065037 | S77: =SUM(O77:R77) -> 138.22266 | T77: =U76-(U76*(0.5^(1/'SW7'!C$2))) -> 41.998609 | U77: =U76+S76-T76 -> 6713.1741 | V77: =(U77*'SW7'!C$3/(B77*'SW7'!C$4)/1000) -> 0.049945444 | W77: =V77/'SW7'!C$5 -> 0.62431805
A78: =A77+1 -> 75 | B78: =B77+0.5584 + 2*0.001787*A78 -3*0.00000155*A78^2 - 4*0.00000000133*A78^3 -> 86.805646 | C78: 30 | D78: 310 | E78: 1.3 | F78: =-0.0001*A78^2+0.0196*A78+11.697 -> 12.6045 | G78: =F78*0.0243 -> 0.30628935 | H78: ='SW7'!C$12 -> 56.47 | I78: =F78*C78+G78*D78+H78*E78 -> 546.4957 | J78: =I78*'SW7'!C$13 -> 11.640358 | K78: =-0.0000000257*A78^4+0.0000163*A78^3-0.003686*A78^2+0.3024*A78+1.445 -> 9.4546484 | L78: =5.4702 * LN(A78) - 22.889 -> 0.72852348 | M78: =0.0243*L78 -> 0.017703121 | N78: =4*L78 -> 2.9140939 | O78: =J78*K78 -> 110.0555 | P78: =C78*L78 -> 21.855704 | Q78: =D78*M78 -> 5.4879674 | R78: =E78*N78 -> 3.7883221 | S78: =SUM(O78:R78) -> 141.18749 | T78: =U77-(U77*(0.5^(1/'SW7'!C$2))) -> 42.593574 | U78: =U77+S77-T77 -> 6809.3982 | V78: =(U78*'SW7'!C$3/(B78*'SW7'!C$4)/1000) -> 0.050195587 | W78: =V78/'SW7'!C$5 -> 0.62744483
A79: =A78+1 -> 76 | B79: =B78+0.5584 + 2*0.001787*A79 -3*0.00000155*A79^2 - 4*0.00000000133*A79^3 -> 87.606476 | C79: 30 | D79: 310 | E79: 1.3 | F79: =-0.0001*A79^2+0.0196*A79+11.697 -> 12.609 | G79: =F79*0.0243 -> 0.3063987 | H79: ='SW7'!C$12 -> 56.47 | I79: =F79*C79+G79*D79+H79*E79 -> 546.6646 | J79: =I79*'SW7'!C$13 -> 11.643956 | K79: =-0.0000000257*A79^4+0.0000163*A79^3-0.003686*A79^2+0.3024*A79+1.445 -> 9.4349649 | L79: =5.4702 * LN(A79) - 22.889 -> 0.80097752 | M79: =0.0243*L79 -> 0.019463754 | N79: =4*L79 -> 3.2039101 | O79: =J79*K79 -> 109.86032 | P79: =C79*L79 -> 24.029326 | Q79: =D79*M79 -> 6.0337636 | R79: =E79*N79 -> 4.1650831 | S79: =SUM(O79:R79) -> 144.08849 | T79: =U78-(U78*(0.5^(1/'SW7'!C$2))) -> 43.204094 | U79: =U78+S78-T78 -> 6907.9921 | V79: =(U79*'SW7'!C$3/(B79*'SW7'!C$4)/1000) -> 0.050456881 | W79: =V79/'SW7'!C$5 -> 0.63071101
A80: =A79+1 -> 77 | B80: =B79+0.5584 + 2*0.001787*A80 -3*0.00000155*A80^2 - 4*0.00000000133*A80^3 -> 88.410075 | C80: 30 | D80: 310 | E80: 1.3 | F80: =-0.0001*A80^2+0.0196*A80+11.697 -> 12.6133 | G80: =F80*0.0243 -> 0.30650319 | H80: ='SW7'!C$12 -> 56.47 | I80: =F80*C80+G80*D80+H80*E80 -> 546.82599 | J80: =I80*'SW7'!C$13 -> 11.647394 | K80: =-0.0000000257*A80^4+0.0000163*A80^3-0.003686*A80^2+0.3024*A80+1.445 -> 9.4135607 | L80: =5.4702 * LN(A80) - 22.889 -> 0.87248442 | M80: =0.0243*L80 -> 0.021201371 | N80: =4*L80 -> 3.4899377 | O80: =J80*K80 -> 109.64345 | P80: =C80*L80 -> 26.174533 | Q80: =D80*M80 -> 6.5724251 | R80: =E80*N80 -> 4.536919 | S80: =SUM(O80:R80) -> 146.92732 | T80: =U79-(U79*(0.5^(1/'SW7'!C$2))) -> 43.82965 | U80: =U79+S79-T79 -> 7008.8765 | V80: =(U80*'SW7'!C$3/(B80*'SW7'!C$4)/1000) -> 0.05072843 | W80: =V80/'SW7'!C$5 -> 0.63410538
A81: =A80+1 -> 78 | B81: =B80+0.5584 + 2*0.001787*A81 -3*0.00000155*A81^2 - 4*0.00000000133*A81^3 -> 89.216432 | C81: 30 | D81: 310 | E81: 1.3 | F81: =-0.0001*A81^2+0.0196*A81+11.697 -> 12.6174 | G81: =F81*0.0243 -> 0.30660282 | H81: ='SW7'!C$12 -> 56.47 | I81: =F81*C81+G81*D81+H81*E81 -> 546.97987 | J81: =I81*'SW7'!C$13 -> 11.650671 | K81: =-0.0000000257*A81^4+0.0000163*A81^3-0.003686*A81^2+0.3024*A81+1.445 -> 9.3904867 | L81: =5.4702 * LN(A81) - 22.889 -> 0.94306862 | M81: =0.0243*L81 -> 0.022916568 | N81: =4*L81 -> 3.7722745 | O81: =J81*K81 -> 109.40547 | P81: =C81*L81 -> 28.292059 | Q81: =D81*M81 -> 7.1041359 | R81: =E81*N81 -> 4.9039568 | S81: =SUM(O81:R81) -> 149.70563 | T81: =U80-(U80*(0.5^(1/'SW7'!C$2))) -> 44.469739 | U81: =U80+S80-T80 -> 7111.9741 | V81: =(U81*'SW7'!C$3/(B81*'SW7'!C$4)/1000) -> 0.051009386 | W81: =V81/'SW7'!C$5 -> 0.63761732
... A242: =A241+1 -> 239 | B242: =B241+0.5584 + 2*0.001787*A242 -3*0.00000155*A242^2 - 4*0.00000000133*A242^3 -> 245.74053 | C242: 1200 | D242: 0 | E242: 1.3 | F242: =-0.0001*A242^2+0.0196*A242+11.697 -> 10.6693 | G242: =F242*0.0243 -> 0.25926399 | H242: ='SW7'!C$12 -> 56.47 | I242: =F242*C242+G242*D242+H242*E242 -> 12876.571 | J242: =I242*'SW7'!C$13 -> 274.27096 | K242: =-0.0000000257*A242^4+0.0000163*A242^3-0.003686*A242^2+0.3024*A242+1.445 -> 1.8426916 | L242: =5.4702 * LN(A242) - 22.889 -> 7.0683509 | M242: =0.0243*L242 -> 0.17176093 | N242: =4*L242 -> 28.273404 | O242: =J242*K242 -> 505.39681 | P242: =C242*L242 -> 8482.0211 | Q242: =D242*M242 -> 0 | R242: =E242*N242 -> 36.755425 | S242: =SUM(O242:R242) -> 9024.1733 | T242: =U241-(U241*(0.5^(1/'SW7'!C$2))) -> 6731.8774 | U242: =U241+S241-T241 -> 1063310.9 | V242: =(U242*'SW7'!C$3/(B242*'SW7'!C$4)/1000) -> 2.7687787 | W242: =V242/'SW7'!C$5 -> 34.609734
A243: =A242+1 -> 240 | B243: =B242+0.5584 + 2*0.001787*A243 -3*0.00000155*A243^2 - 4*0.00000000133*A243^3 -> 246.8153 | C243: 1200 | D243: 0 | E243: 1.3 | L243: =5.4702 * LN(A243) - 22.889 -> 7.091191 | M243: =0.0243*L243 -> 0.17231594 | N243: =4*L243 -> 28.364764 | O243: =J243*K243 -> 0 | P243: =C243*L243 -> 8509.4292 | Q243: =D243*M243 -> 0 | R243: =E243*N243 -> 36.874193 | S243: =SUM(O243:R243) -> 8546.3034 | T243: =U242-(U242*(0.5^(1/'SW7'!C$2))) -> 6746.4676 | U243: =U242+S242-T242 -> 1065603.2 | V243: =(U243*'SW7'!C$3/(B243*'SW7'!C$4)/1000) -> 2.7626648 | W243: =V243/'SW7'!C$5 -> 34.533311
A244: =A243+1 -> 241 | B244: =B243+0.5584 + 2*0.001787*A244 -3*0.00000155*A244^2 - 4*0.00000000133*A244^3 -> 247.8905 | C244: 1200 | D244: 0 | E244: 1.3 | L244: =5.4702 * LN(A244) - 22.889 -> 7.1139362 | M244: =0.0243*L244 -> 0.17286865 | N244: =4*L244 -> 28.455745 | O244: =J244*K244 -> 0 | P244: =C244*L244 -> 8536.7234 | Q244: =D244*M244 -> 0 | R244: =E244*N244 -> 36.992468 | S244: =SUM(O244:R244) -> 8573.7159 | T244: =U243-(U243*(0.5^(1/'SW7'!C$2))) -> 6761.0117 | U244: =U243+S243-T243 -> 1067403 | V244: =(U244*'SW7'!C$3/(B244*'SW7'!C$4)/1000) -> 2.7553282 | W244: =V244/'SW7'!C$5 -> 34.441602
A245: =A244+1 -> 242 | B245: =B244+0.5584 + 2*0.001787*A245 -3*0.00000155*A245^2 - 4*0.00000000133*A245^3 -> 248.96608 | C245: 1200 | D245: 0 | E245: 1.3 | L245: =5.4702 * LN(A245) - 22.889 -> 7.1365871 | M245: =0.0243*L245 -> 0.17341907 | N245: =4*L245 -> 28.546349 | O245: =J245*K245 -> 0 | P245: =C245*L245 -> 8563.9046 | Q245: =D245*M245 -> 0 | R245: =E245*N245 -> 37.110253 | S245: =SUM(O245:R245) -> 8601.0148 | T245: =U244-(U244*(0.5^(1/'SW7'!C$2))) -> 6772.4312 | U245: =U244+S244-T244 -> 1069215.7 | V245: =(U245*'SW7'!C$3/(B245*'SW7'!C$4)/1000) -> 2.7480835 | W245: =V245/'SW7'!C$5 -> 34.351044
A246: =A245+1 -> 243 | B246: =B245+0.5584 + 2*0.001787*A246 -3*0.00000155*A246^2 - 4*0.00000000133*A246^3 -> 250.04205 | C246: 1200 | D246: 0 | E246: 1.3 | L246: =5.4702 * LN(A246) - 22.889 -> 7.1591447 | M246: =0.0243*L246 -> 0.17396722 | N246: =4*L246 -> 28.636579 | O246: =J246*K246 -> 0 | P246: =C246*L246 -> 8590.9736 | Q246: =D246*M246 -> 0 | R246: =E246*N246 -> 37.227552 | S246: =SUM(O246:R246) -> 8628.2012 | T246: =U245-(U245*(0.5^(1/'SW7'!C$2))) -> 6783.9324 | U246: =U245+S245-T245 -> 1071044.3 | V246: =(U246*'SW7'!C$3/(B246*'SW7'!C$4)/1000) -> 2.7409377 | W246: =V246/'SW7'!C$5 -> 34.261721
A247: =A246+1 -> 244 | B247: =B246+0.5584 + 2*0.001787*A247 -3*0.00000155*A247^2 - 4*0.00000000133*A247^3 -> 251.11838 | C247: 1200 | D247: 0 | E247: 1.3 | L247: =5.4702 * LN(A247) - 22.889 -> 7.1816096 | M247: =0.0243*L247 -> 0.17451311 | N247: =4*L247 -> 28.726439 | O247: =J247*K247 -> 0 | P247: =C247*L247 -> 8617.9316 | Q247: =D247*M247 -> 0 | R247: =E247*N247 -> 37.34437 | S247: =SUM(O247:R247) -> 8655.2759 | T247: =U246-(U246*(0.5^(1/'SW7'!C$2))) -> 6795.5344 | U247: =U246+S246-T246 -> 1072888.6 | V247: =(U247*'SW7'!C$3/(B247*'SW7'!C$4)/1000) -> 2.7338891 | W247: =V247/'SW7'!C$5 -> 34.173614
A248: =A247+1 -> 245 | B248: =B247+0.5584 + 2*0.001787*A248 -3*0.00000155*A248^2 - 4*0.00000000133*A248^3 -> 252.19506 | C248: 1200 | D248: 0 | E248: 1.3 | L248: =5.4702 * LN(A248) - 22.889 -> 7.2039827 | M248: =0.0243*L248 -> 0.17505678 | N248: =4*L248 -> 28.815931 | O248: =J248*K248 -> 0 | P248: =C248*L248 -> 8644.7792 | Q248: =D248*M248 -> 0 | R248: =E248*N248 -> 37.46071 | S248: =SUM(O248:R248) -> 8682.2399 | T248: =U247-(U247*(0.5^(1/'SW7'!C$2))) -> 6807.2358 | U248: =U247+S247-T247 -> 1074748.3 | V248: =(U248*'SW7'!C$3/(B248*'SW7'!C$4)/1000) -> 2.7269362 | W248: =V248/'SW7'!C$5 -> 34.086703
A249: =A248+1 -> 246 | B249: =B248+0.5584 + 2*0.001787*A249 -3*0.00000155*A249^2 - 4*0.00000000133*A249^3 -> 253.27207 | C249: 1200 | D249: 0 | E249: 1.3 | L249: =5.4702 * LN(A249) - 22.889 -> 7.2262646 | M249: =0.0243*L249 -> 0.17559823 | N249: =4*L249 -> 28.905058 | O249: =J249*K249 -> 0 | P249: =C249*L249 -> 8671.5175 | Q249: =D249*M249 -> 0 | R249: =E249*N249 -> 37.576576 | S249: =SUM(O249:R249) -> 8709.0941 | T249: =U248-(U248*(0.5^(1/'SW7'!C$2))) -> 6819.0355 | U249: =U248+S248-T248 -> 1076623.3 | V249: =(U249*'SW7'!C$3/(B249*'SW7'!C$4)/1000) -> 2.7200774 | W249: =V249/'SW7'!C$5 -> 34.000968
A250: =A249+1 -> 247 | B250: =B249+0.5584 + 2*0.001787*A250 -3*0.00000155*A250^2 - 4*0.00000000133*A250^3 -> 254.34938 | C250: 1200 | D250: 0 | E250: 1.3 | L250: =5.4702 * LN(A250) - 22.889 -> 7.2484561 | M250: =0.0243*L250 -> 0.17613748 | N250: =4*L250 -> 28.993824 | O250: =J250*K250 -> 0 | P250: =C250*L250 -> 8698.1473 | Q250: =D250*M250 -> 0 | R250: =E250*N250 -> 37.691972 | S250: =SUM(O250:R250) -> 8735.8393 | T250: =U249-(U249*(0.5^(1/'SW7'!C$2))) -> 6830.9319 | U250: =U249+S249-T249 -> 1078513.4 | V250: =(U250*'SW7'!C$3/(B250*'SW7'!C$4)/1000) -> 2.7133113 | W250: =V250/'SW7'!C$5 -> 33.916392
A251: =A250+1 -> 248 | B251: =B250+0.5584 + 2*0.001787*A251 -3*0.00000155*A251^2 - 4*0.00000000133*A251^3 -> 255.427 | C251: 1200 | D251: 0 | E251: 1.3 | L251: =5.4702 * LN(A251) - 22.889 -> 7.2705579 | M251: =0.0243*L251 -> 0.17667456 | N251: =4*L251 -> 29.082232 | O251: =J251*K251 -> 0 | P251: =C251*L251 -> 8724.6695 | Q251: =D251*M251 -> 0 | R251: =E251*N251 -> 37.806901 | S251: =SUM(O251:R251) -> 8762.4764 | T251: =U250-(U250*(0.5^(1/'SW7'!C$2))) -> 6842.9239 | U251: =U250+S250-T250 -> 1080418.3 | V251: =(U251*'SW7'!C$3/(B251*'SW7'!C$4)/1000) -> 2.7066363 | W251: =V251/'SW7'!C$5 -> 33.832954
A252: =A251+1 -> 249 | B252: =B251+0.5584 + 2*0.001787*A252 -3*0.00000155*A252^2 - 4*0.00000000133*A252^3 -> 256.50489 | C252: 1200 | D252: 0 | E252: 1.3 | L252: =5.4702 * LN(A252) - 22.889 -> 7.2925708 | M252: =0.0243*L252 -> 0.17720947 | N252: =4*L252 -> 29.170283 | O252: =J252*K252 -> 0 | P252: =C252*L252 -> 8751.085 | Q252: =D252*M252 -> 0 | R252: =E252*N252 -> 37.921368 | S252: =SUM(O252:R252) -> 8789.0064 | T252: =U251-(U251*(0.5^(1/'SW7'!C$2))) -> 6855.0101 | U252: =U251+S251-T251 -> 1082337.8 | V252: =(U252*'SW7'!C$3/(B252*'SW7'!C$4)/1000) -> 2.7000511 | W252: =V252/'SW7'!C$5 -> 33.750638
A253: =A252+1 -> 250 | B253: =B252+0.5584 + 2*0.001787*A253 -3*0.00000155*A253^2 - 4*0.00000000133*A253^3 -> 257.58304 | C253: 1200 | D253: 0 | E253: 1.3 | L253: =5.4702 * LN(A253) - 22.889 -> 7.3144955 | M253: =0.0243*L253 -> 0.17774224 | N253: =4*L253 -> 29.257982 | O253: =J253*K253 -> 0 | P253: =C253*L253 -> 8777.3946 | Q253: =D253*M253 -> 0 | R253: =E253*N253 -> 38.035377 | S253: =SUM(O253:R253) -> 8815.43 | T253: =U252-(U252*(0.5^(1/'SW7'!C$2))) -> 6867.1893 | U253: =U252+S252-T252 -> 1084271.8 | V253: =(U253*'SW7'!C$3/(B253*'SW7'!C$4)/1000) -> 2.6935541 | W253: =V253/'SW7'!C$5 -> 33.669426
A254: =A253+1 -> 251 | B254: =B253+0.5584 + 2*0.001787*A254 -3*0.00000155*A254^2 - 4*0.00000000133*A254^3 -> 258.66143 | C254: 1200 | D254: 0 | E254: 1.3 | L254: =5.4702 * LN(A254) - 22.889 -> 7.3363327 | M254: =0.0243*L254 -> 0.17827288 | N254: =4*L254 -> 29.345331 | O254: =J254*K254 -> 0 | P254: =C254*L254 -> 8803.5992 | Q254: =D254*M254 -> 0 | R254: =E254*N254 -> 38.14893 | S254: =SUM(O254:R254) -> 8841.7481 | T254: =U253-(U253*(0.5^(1/'SW7'!C$2))) -> 6879.46 | U254: =U253+S253-T253 -> 1086220.1 | V254: =(U254*'SW7'!C$3/(B254*'SW7'!C$4)/1000) -> 2.687144 | W254: =V254/'SW7'!C$5 -> 33.589299
... A543: =A542+1 -> 540 | B543: =B542+0.5584 + 2*0.001787*A543 -3*0.00000155*A543^2 - 4*0.00000000133*A543^3 -> 500.7827 | C543: 1200 | D543: 0 | E543: 1.3 | L543: =5.4702 * LN(A543) - 22.889 -> 11.527142 | M543: =0.0243*L543 -> 0.28010954 | N543: =4*L543 -> 46.108566 | O543: =J543*K543 -> 0 | P543: =C543*L543 -> 13832.57 | Q543: =D543*M543 -> 0 | R543: =E543*N543 -> 59.941136 | S543: =SUM(O543:R543) -> 13892.511 | T543: =U542-(U542*(0.5^(1/'SW7'!C$2))) -> 5585.6074 | U543: =U542+S542-T542 -> 888695.61 | V543: =(U543*'SW7'!C$3/(B543*'SW7'!C$4)/1000) -> 1.1355558 | W543: =V543/'SW7'!C$5 -> 14.194448
A544: =A543+1 -> 541 | B544: =B543+0.32 -> 501.1027 | C544: 1200 | D544: 0 | E544: 1.3 | L544: =5.4702 * LN(A544) - 22.889 -> 11.537262 | M544: =0.0243*L544 -> 0.28035547 | N544: =4*L544 -> 46.149049 | O544: =J544*K544 -> 0 | P544: =C544*L544 -> 13844.715 | Q544: =D544*M544 -> 0 | R544: =E544*N544 -> 59.993763 | S544: =SUM(O544:R544) -> 13904.708 | T544: =U543-(U543*(0.5^(1/'SW7'!C$2))) -> 5638.573 | U544: =U543+S543-T543 -> 897002.51 | V544: =(U544*'SW7'!C$3/(B544*'SW7'!C$4)/1000) -> 1.1454383 | W544: =V544/'SW7'!C$5 -> 14.317978
A545: =A544+1 -> 542 | B545: =B544+0.32 -> 501.4227 | C545: 1200 | D545: 0 | E545: 1.3 | L545: =5.4702 * LN(A545) - 22.889 -> 11.547364 | M545: =0.0243*L545 -> 0.28060095 | N545: =4*L545 -> 46.189456 | O545: =J545*K545 -> 0 | P545: =C545*L545 -> 13856.837 | Q545: =D545*M545 -> 0 | R545: =E545*N545 -> 60.046293 | S545: =SUM(O545:R545) -> 13916.883 | T545: =U544-(U544*(0.5^(1/'SW7'!C$2))) -> 5691.2784 | U545: =U544+S544-T544 -> 905268.64 | V545: =(U545*'SW7'!C$3/(B545*'SW7'!C$4)/1000) -> 1.1552561 | W545: =V545/'SW7'!C$5 -> 14.440701
A546: =A545+1 -> 543 | B546: =B545+0.32 -> 501.7427 | C546: 1200 | D546: 0 | E546: 1.3 | L546: =5.4702 * LN(A546) - 22.889 -> 11.557447 | M546: =0.0243*L546 -> 0.28084597 | N546: =4*L546 -> 46.22979 | O546: =J546*K546 -> 0 | P546: =C546*L546 -> 13868.937 | Q546: =D546*M546 -> 0 | R546: =E546*N546 -> 60.098726 | S546: =SUM(O546:R546) -> 13929.036 | T546: =U545-(U545*(0.5^(1/'SW7'!C$2))) -> 5743.7252 | U546: =U545+S545-T545 -> 913494.25 | V546: =(U546*'SW7'!C$3/(B546*'SW7'!C$4)/1000) -> 1.1650097 | W546: =V546/'SW7'!C$5 -> 14.562621
A547: =A546+1 -> 544 | B547: =B546+0.32 -> 502.0627 | C547: 1200 | D547: 0 | E547: 1.3 | L547: =5.4702 * LN(A547) - 22.889 -> 11.567512 | M547: =0.0243*L547 -> 0.28109055 | N547: =4*L547 -> 46.270049 | O547: =J547*K547 -> 0 | P547: =C547*L547 -> 13881.015 | Q547: =D547*M547 -> 0 | R547: =E547*N547 -> 60.151063 | S547: =SUM(O547:R547) -> 13941.166 | T547: =U546-(U546*(0.5^(1/'SW7'!C$2))) -> 5795.9148 | U547: =U546+S546-T546 -> 921679.56 | V547: =(U547*'SW7'!C$3/(B547*'SW7'!C$4)/1000) -> 1.1746995 | W547: =V547/'SW7'!C$5 -> 14.683743
A548: =A547+1 -> 545 | B548: =B547+0.32 -> 502.3827 | C548: 1200 | D548: 0 | E548: 1.3 | L548: =5.4702 * LN(A548) - 22.889 -> 11.577558 | M548: =0.0243*L548 -> 0.28133467 | N548: =4*L548 -> 46.310234 | O548: =J548*K548 -> 0 | P548: =C548*L548 -> 13893.07 | Q548: =D548*M548 -> 0 | R548: =E548*N548 -> 60.203304 | S548: =SUM(O548:R548) -> 13953.273 | T548: =U547-(U547*(0.5^(1/'SW7'!C$2))) -> 5847.8487 | U548: =U547+S547-T547 -> 929824.81 | V548: =(U548*'SW7'!C$3/(B548*'SW7'!C$4)/1000) -> 1.1843259 | W548: =V548/'SW7'!C$5 -> 14.804074
A549: =A548+1 -> 546 | B549: =B548+0.32 -> 502.7027 | C549: 1200 | D549: 0 | E549: 1.3 | L549: =5.4702 * LN(A549) - 22.889 -> 11.587586 | M549: =0.0243*L549 -> 0.28157835 | N549: =4*L549 -> 46.350345 | O549: =J549*K549 -> 0 | P549: =C549*L549 -> 13905.104 | Q549: =D549*M549 -> 0 | R549: =E549*N549 -> 60.255449 | S549: =SUM(O549:R549) -> 13965.359 | T549: =U548-(U548*(0.5^(1/'SW7'!C$2))) -> 5899.5285 | U549: =U548+S548-T548 -> 937930.24 | V549: =(U549*'SW7'!C$3/(B549*'SW7'!C$4)/1000) -> 1.1938894 | W549: =V549/'SW7'!C$5 -> 14.923617
A550: =A549+1 -> 547 | B550: =B549+0.32 -> 503.0227 | C550: 1200 | D550: 0 | E550: 1.3 | L550: =5.4702 * LN(A550) - 22.889 -> 11.597596 | M550: =0.0243*L550 -> 0.28182158 | N550: =4*L550 -> 46.390383 | O550: =J550*K550 -> 0 | P550: =C550*L550 -> 13917.115 | Q550: =D550*M550 -> 0 | R550: =E550*N550 -> 60.307498 | S550: =SUM(O550:R550) -> 13977.423 | T550: =U549-(U549*(0.5^(1/'SW7'!C$2))) -> 5950.9556 | U550: =U549+S549-T549 -> 945996.07 | V550: =(U550*'SW7'!C$3/(B550*'SW7'!C$4)/1000) -> 1.2033903 | W550: =V550/'SW7'!C$5 -> 15.042379
A551: =A550+1 -> 548 | B551: =B550+0.32 -> 503.3427 | C551: 1200 | D551: 0 | E551: 1.3 | L551: =5.4702 * LN(A551) - 22.889 -> 11.607587 | M551: =0.0243*L551 -> 0.28206437 | N551: =4*L551 -> 46.430348 | O551: =J551*K551 -> 0 | P551: =C551*L551 -> 13929.104 | Q551: =D551*M551 -> 0 | R551: =E551*N551 -> 60.359453 | S551: =SUM(O551:R551) -> 13989.464 | T551: =U550-(U550*(0.5^(1/'SW7'!C$2))) -> 6002.1315 | U551: =U550+S550-T550 -> 954022.53 | V551: =(U551*'SW7'!C$3/(B551*'SW7'!C$4)/1000) -> 1.2128292 | W551: =V551/'SW7'!C$5 -> 15.160365
A552: =A551+1 -> 549 | B552: =B551+0.32 -> 503.6627 | C552: 1200 | D552: 0 | E552: 1.3 | L552: =5.4702 * LN(A552) - 22.889 -> 11.61756 | M552: =0.0243*L552 -> 0.28230671 | N552: =4*L552 -> 46.47024 | O552: =J552*K552 -> 0 | P552: =C552*L552 -> 13941.072 | Q552: =D552*M552 -> 0 | R552: =E552*N552 -> 60.411312 | S552: =SUM(O552:R552) -> 14001.483 | T552: =U551-(U551*(0.5^(1/'SW7'!C$2))) -> 6053.0576 | U552: =U551+S551-T551 -> 962009.87 | V552: =(U552*'SW7'!C$3/(B552*'SW7'!C$4)/1000) -> 1.2222063 | W552: =V552/'SW7'!C$5 -> 15.277578
A553: =A552+1 -> 550 | B553: =B552+0.32 -> 503.9827 | C553: 1200 | D553: 0 | E553: 1.3 | L553: =5.4702 * LN(A553) - 22.889 -> 11.627515 | M553: =0.0243*L553 -> 0.28254861 | N553: =4*L553 -> 46.51006 | O553: =J553*K553 -> 0 | P553: =C553*L553 -> 13953.018 | Q553: =D553*M553 -> 0 | R553: =E553*N553 -> 60.463078 | S553: =SUM(O553:R553) -> 14013.481 | T553: =U552-(U552*(0.5^(1/'SW7'!C$2))) -> 6103.7354 | U553: =U552+S552-T552 -> 969958.29 | V553: =(U553*'SW7'!C$3/(B553*'SW7'!C$4)/1000) -> 1.2315221 | W553: =V553/'SW7'!C$5 -> 15.394026
A554: =A553+1 -> 551 | B554: =B553+0.32 -> 504.3027 | C554: 1200 | D554: 0 | E554: 1.3 | L554: =5.4702 * LN(A554) - 22.889 -> 11.637452 | M554: =0.0243*L554 -> 0.28279008 | N554: =4*L554 -> 46.549807 | O554: =J554*K554 -> 0 | P554: =C554*L554 -> 13964.942 | Q554: =D554*M554 -> 0 | R554: =E554*N554 -> 60.514749 | S554: =SUM(O554:R554) -> 14025.457 | T554: =U553-(U553*(0.5^(1/'SW7'!C$2))) -> 6154.1664 | U554: =U553+S553-T553 -> 977868.04 | V554: =(U554*'SW7'!C$3/(B554*'SW7'!C$4)/1000) -> 1.240777 | W554: =V554/'SW7'!C$5 -> 15.509712
A555: =A554+1 -> 552 | B555: =B554+0.32 -> 504.6227 | C555: 1200 | D555: 0 | E555: 1.3 | L555: =5.4702 * LN(A555) - 22.889 -> 11.647371 | M555: =0.0243*L555 -> 0.2830311 | N555: =4*L555 -> 46.589482 | O555: =J555*K555 -> 0 | P555: =C555*L555 -> 13976.845 | Q555: =D555*M555 -> 0 | R555: =E555*N555 -> 60.566327 | S555: =SUM(O555:R555) -> 14037.411 | T555: =U554-(U554*(0.5^(1/'SW7'!C$2))) -> 6204.3519 | U555: =U554+S554-T554 -> 985739.33 | V555: =(U555*'SW7'!C$3/(B555*'SW7'!C$4)/1000) -> 1.2499714 | W555: =V555/'SW7'!C$5 -> 15.624642
... A678: =A677+1 -> 675 | B678: =B677+0.32 -> 543.9827 | C678: 1200 | D678: 0 | E678: 1.3 | L678: =5.4702 * LN(A678) - 22.889 -> 12.747781 | M678: =0.0243*L678 -> 0.30977109 | N678: =4*L678 -> 50.991125 | O678: =J678*K678 -> 0 | P678: =C678*L678 -> 15297.338 | Q678: =D678*M678 -> 0 | R678: =E678*N678 -> 66.288463 | S678: =SUM(O678:R678) -> 15363.626 | T678: =U677-(U677*(0.5^(1/'SW7'!C$2))) -> 10886.797 | U678: =U677+S677-T677 -> 1720364 | V678: =(U678*'SW7'!C$3/(B678*'SW7'!C$4)/1000) -> 2.0236716 | W678: =V678/'SW7'!C$5 -> 25.295895

Sheet SW9
A1: Age (d) | B1: Muscle PFOS
A2: 675 | B2: 2.87
B4: Mean | C4: 0.05 | D4: 0.95 | E4: Pos Err | F4: Neg Err
A5: 675 | B5: 1.89 | C5: 0.91 | D5: 2.87 | E5: =D5-B5 -> 0.98 | F5: =B5-C5 -> 0.98

Sheet SW10
A1: AGE | B1: WEIGHT | C1: CONCF | D1: CONCS | E1: CONCW | F1: DMICOW | G1: SOIL INTAKECOW | H1: WATER INTAKECOW | I1: PFAS INTAKECOW | J1: CONCMILK | K1: INTAKEMILK | L1: DMI | M1: SOIL INTAKE | N1: WATER INTAKE | O1: PFAS INTAKEMILK | P1: PFAS INTAKEF | Q1: PFAS INTAKES | R1: PFAS INTAKEW | S1: PFAS INTAKETOTAL | T1: ELIMINATION | U1: PFASBODY | V1: PFASMUSCLE | W1: PFASSERUM
A2: d | B2: kg | C2: ng/kg dry | D2: ng/kg dry | E2: ng/L | F2: kg | G2: kg | H2: L | I2: ng | J2: ng/kg | K2: kg | L2: kg | M2: kg | N2: L | O2: ng | P2: ng | Q2: ng | R2: ng | S2: ng | T2: ng | U2: ng | V2: ug/kg | W2: ug/kg
A3: 0 | B3: {=_xll.RiskNormal('SW7'!C6,'SW7'!D6,_xll.RiskTruncateP(0.05,0.95),_xll.RiskName("Birth Weight"),_xll.RiskUnits("kg"))} -> #NAME? | C3: {=_xll.RiskNormal(50,50*0.3941,_xll.RiskTruncateP(0.05,0.95),_xll.RiskName("Diet 1 Feed"),_xll.RiskUnits("ng/kg dry"))} -> #NAME? | D3: {=_xll.RiskNormal(550,550*0.282,_xll.RiskTruncateP(0.05,0.95),_xll.RiskName("Diet 1 Soil"),_xll.RiskUnits("ng/kg dry"))} -> #NAME? | E3: 1.3 | F3: {=_xll.RiskNormal((-0.0001*A3^2+0.0196*A3+11.697),(-0.0001*A3^2+0.0196*A3+11.697)*0.062,_xll.RiskTruncateP(0.05,0.95),_xll.RiskName("DMI Cow"),_xll.RiskUnits("kg"))} -> #NAME? | G3: {=_xll.RiskNormal(F3*0.0243,F3*0.005,_xll.RiskTruncateP(0.05,0.95),_xll.RiskName("Soil Intake Cow"),_xll.RiskUnits("kg"))} -> #NAME? | H3: {=_xll.RiskNormal('SW7'!C$12,'SW7'!D$12,_xll.RiskTruncateP(0.05,0.95),_xll.RiskName("Water Intake Cow"),_xll.RiskUnits("L"))} -> #NAME? | I3: =F3*C3+G3*D3+H3*E3 -> #NAME? | J3: =I3*0.0213 -> #NAME? | K3: 0 | M3: {=_xll.RiskNormal(0.0243*L3,0.005*L3,_xll.RiskTruncateP(0.05,0.95),_xll.RiskName("Soil Intake"),_xll.RiskUnits("kg"))} -> #NAME? | N3: =4*L3 -> 0 | O3: =J3*K3 -> #NAME? | P3: =C3*L3 -> #NAME? | Q3: =D3*M3 -> #NAME? | R3: =E3*N3 -> 0 | S3: =SUM(O3:R3) -> #NAME? | T3: 0 | U3: 0 | V3: {=(U3*_xll.RiskNormal('SW7'!C$3,'SW7'!D$3,_xll.RiskTruncateP(0.05,0.95),_xll.RiskName("PFAS MUSCLE FRAC"))/(B3*_xll.RiskNormal('SW7'!C$4,'SW7'!E$4,_xll.RiskTruncateP(0.05,0.95),_xll.RiskName("MUSCLE BW FRAC"))))/1000} -> #NAME? | W3: {=V3/_xll.RiskNormal('SW7'!C$5,'SW7'!D$5,_xll.RiskTruncateP(0.05,0.95),_xll.RiskName("Serum Part"))} -> #NAME?
A4: =A3+1 -> 1 | B4: {=B3+_xll.RiskNormal(0.5584 + 2*0.001787*A4 -3*0.00000155*A4^2 - 4*0.00000000133*A4^3,0.35*(0.5584 + 2*0.001787*A4 -3*0.00000155*A4^2 - 4*0.00000000133*A4^3),_xll.RiskTruncateP(0.05,0.95),_xll.RiskName("BW Gain"),_xll.RiskUnits("kg"))} -> #NAME? | C4: {=_xll.RiskNormal(50,50*0.3941,_xll.RiskTruncateP(0.05,0.95),_xll.RiskName("Diet 1 Feed"),_xll.RiskUnits("ng/kg dry"))} -> #NAME? | D4: {=_xll.RiskNormal(550,550*0.282,_xll.RiskTruncateP(0.05,0.95),_xll.RiskName("Diet 1 Soil"),_xll.RiskUnits("ng/kg dry"))} -> #NAME? | E4: 1.3 | F4: {=_xll.RiskNormal((-0.0001*A4^2+0.0196*A4+11.697),(-0.0001*A4^2+0.0196*A4+11.697)*0.062,_xll.RiskTruncateP(0.05,0.95),_xll.RiskName("DMI Cow"),_xll.RiskUnits("kg"))} -> #NAME? | G4: {=_xll.RiskNormal(F4*0.0243,F4*0.005,_xll.RiskTruncateP(0.05,0.95),_xll.RiskName("Soil Intake Cow"),_xll.RiskUnits("kg"))} -> #NAME? | H4: {=_xll.RiskNormal('SW7'!C$12,'SW7'!D$12,_xll.RiskTruncateP(0.05,0.95),_xll.RiskName("Water Intake Cow"),_xll.RiskUnits("L"))} -> #NAME? | I4: =F4*C4+G4*D4+H4*E4 -> #NAME? | J4: =I4*0.0213 -> #NAME? | K4: {=_xll.RiskNormal(-0.0000000257*A4^4+0.0000163*A4^3-0.003686*A4^2+0.3024*A4+1.445,(-0.0000000257*A4^4+0.0000163*A4^3-0.003686*A4^2+0.3024*A4+1.445)*0.355,_xll.RiskTruncateP(0.05,0.95),_xll.RiskName("Milk Intake"),_xll.RiskUnits("kg"))} -> #NAME? | M4: {=_xll.RiskNormal(0.0243*L4,0.005*L4,_xll.RiskTruncateP(0.05,0.95),_xll.RiskName("Soil Intake"),_xll.RiskUnits("kg"))} -> #NAME? | N4: =4*L4 -> 0 | O4: =J4*K4 -> #NAME? | P4: =C4*L4 -> #NAME? | Q4: =D4*M4 -> #NAME? | R4: =E4*N4 -> 0 | S4: =SUM(O4:R4) -> #NAME? | T4: {=U3-(U3*(0.5^(1/_xll.RiskNormal('SW7'!C$2,'SW7'!D$2,_xll.RiskTruncateP(0.05,0.95),_xll.RiskName("Halflife"),_xll.RiskUnits("d")))))} -> #NAME? | U4: =U3+S3-T3 -> #NAME? | V4: {=(U4*_xll.RiskNormal('SW7'!C$3,'SW7'!D$3,_xll.RiskTruncateP(0.05,0.95),_xll.RiskName("PFAS MUSCLE FRAC"))/(B4*_xll.RiskNormal('SW7'!C$4,'SW7'!E$4,_xll.RiskTruncateP(0.05,0.95),_xll.RiskName("MUSCLE BW FRAC"))))/1000} -> #NAME? | W4: {=V4/_xll.RiskNormal('SW7'!C$5,'SW7'!D$5,_xll.RiskTruncateP(0.05,0.95),_xll.RiskName("Serum Part"))} -> #NAME?
A5: =A4+1 -> 2 | B5: {=B4+_xll.RiskNormal(0.5584 + 2*0.001787*A5 -3*0.00000155*A5^2 - 4*0.00000000133*A5^3,0.35*(0.5584 + 2*0.001787*A5 -3*0.00000155*A5^2 - 4*0.00000000133*A5^3),_xll.RiskTruncateP(0.05,0.95),_xll.RiskName("BW Gain"),_xll.RiskUnits("kg"))} -> #NAME? | C5: {=_xll.RiskNormal(50,50*0.3941,_xll.RiskTruncateP(0.05,0.95),_xll.RiskName("Diet 1 Feed"),_xll.RiskUnits("ng/kg dry"))} -> #NAME? | D5: {=_xll.RiskNormal(550,550*0.282,_xll.RiskTruncateP(0.05,0.95),_xll.RiskName("Diet 1 Soil"),_xll.RiskUnits("ng/kg dry"))} -> #NAME? | E5: 1.3 | F5: {=_xll.RiskNormal((-0.0001*A5^2+0.0196*A5+11.697),(-0.0001*A5^2+0.0196*A5+11.697)*0.062,_xll.RiskTruncateP(0.05,0.95),_xll.RiskName("DMI Cow"),_xll.RiskUnits("kg"))} -> #NAME? | G5: {=_xll.RiskNormal(F5*0.0243,F5*0.005,_xll.RiskTruncateP(0.05,0.95),_xll.RiskName("Soil Intake Cow"),_xll.RiskUnits("kg"))} -> #NAME? | H5: {=_xll.RiskNormal('SW7'!C$12,'SW7'!D$12,_xll.RiskTruncateP(0.05,0.95),_xll.RiskName("Water Intake Cow"),_xll.RiskUnits("L"))} -> #NAME? | I5: =F5*C5+G5*D5+H5*E5 -> #NAME? | J5: =I5*0.0213 -> #NAME? | K5: {=_xll.RiskNormal(-0.0000000257*A5^4+0.0000163*A5^3-0.003686*A5^2+0.3024*A5+1.445,(-0.0000000257*A5^4+0.0000163*A5^3-0.003686*A5^2+0.3024*A5+1.445)*0.355,_xll.RiskTruncateP(0.05,0.95),_xll.RiskName("Milk Intake"),_xll.RiskUnits("kg"))} -> #NAME? | M5: {=_xll.RiskNormal(0.0243*L5,0.005*L5,_xll.RiskTruncateP(0.05,0.95),_xll.RiskName("Soil Intake"),_xll.RiskUnits("kg"))} -> #NAME? | N5: =4*L5 -> 0 | O5: =J5*K5 -> #NAME? | P5: =C5*L5 -> #NAME? | Q5: =D5*M5 -> #NAME? | R5: =E5*N5 -> 0 | S5: =SUM(O5:R5) -> #NAME? | T5: {=U4-(U4*(0.5^(1/_xll.RiskNormal('SW7'!C$2,'SW7'!D$2,_xll.RiskTruncateP(0.05,0.95),_xll.RiskName("Halflife"),_xll.RiskUnits("d")))))} -> #NAME? | U5: =U4+S4-T4 -> #NAME? | V5: {=(U5*_xll.RiskNormal('SW7'!C$3,'SW7'!D$3,_xll.RiskTruncateP(0.05,0.95),_xll.RiskName("PFAS MUSCLE FRAC"))/(B5*_xll.RiskNormal('SW7'!C$4,'SW7'!E$4,_xll.RiskTruncateP(0.05,0.95),_xll.RiskName("MUSCLE BW FRAC"))))/1000} -> #NAME? | W5: {=V5/_xll.RiskNormal('SW7'!C$5,'SW7'!D$5,_xll.RiskTruncateP(0.05,0.95),_xll.RiskName("Serum Part"))} -> #NAME?
A6: =A5+1 -> 3 | B6: {=B5+_xll.RiskNormal(0.5584 + 2*0.001787*A6 -3*0.00000155*A6^2 - 4*0.00000000133*A6^3,0.35*(0.5584 + 2*0.001787*A6 -3*0.00000155*A6^2 - 4*0.00000000133*A6^3),_xll.RiskTruncateP(0.05,0.95),_xll.RiskName("BW Gain"),_xll.RiskUnits("kg"))} -> #NAME? | C6: {=_xll.RiskNormal(50,50*0.3941,_xll.RiskTruncateP(0.05,0.95),_xll.RiskName("Diet 1 Feed"),_xll.RiskUnits("ng/kg dry"))} -> #NAME? | D6: {=_xll.RiskNormal(550,550*0.282,_xll.RiskTruncateP(0.05,0.95),_xll.RiskName("Diet 1 Soil"),_xll.RiskUnits("ng/kg dry"))} -> #NAME? | E6: 1.3 | F6: {=_xll.RiskNormal((-0.0001*A6^2+0.0196*A6+11.697),(-0.0001*A6^2+0.0196*A6+11.697)*0.062,_xll.RiskTruncateP(0.05,0.95),_xll.RiskName("DMI Cow"),_xll.RiskUnits("kg"))} -> #NAME? | G6: {=_xll.RiskNormal(F6*0.0243,F6*0.005,_xll.RiskTruncateP(0.05,0.95),_xll.RiskName("Soil Intake Cow"),_xll.RiskUnits("kg"))} -> #NAME? | H6: {=_xll.RiskNormal('SW7'!C$12,'SW7'!D$12,_xll.RiskTruncateP(0.05,0.95),_xll.RiskName("Water Intake Cow"),_xll.RiskUnits("L"))} -> #NAME? | I6: =F6*C6+G6*D6+H6*E6 -> #NAME? | J6: =I6*0.0213 -> #NAME? | K6: {=_xll.RiskNormal(-0.0000000257*A6^4+0.0000163*A6^3-0.003686*A6^2+0.3024*A6+1.445,(-0.0000000257*A6^4+0.0000163*A6^3-0.003686*A6^2+0.3024*A6+1.445)*0.355,_xll.RiskTruncateP(0.05,0.95),_xll.RiskName("Milk Intake"),_xll.RiskUnits("kg"))} -> #NAME? | M6: {=_xll.RiskNormal(0.0243*L6,0.005*L6,_xll.RiskTruncateP(0.05,0.95),_xll.RiskName("Soil Intake"),_xll.RiskUnits("kg"))} -> #NAME? | N6: =4*L6 -> 0 | O6: =J6*K6 -> #NAME? | P6: =C6*L6 -> #NAME? | Q6: =D6*M6 -> #NAME? | R6: =E6*N6 -> 0 | S6: =SUM(O6:R6) -> #NAME? | T6: {=U5-(U5*(0.5^(1/_xll.RiskNormal('SW7'!C$2,'SW7'!D$2,_xll.RiskTruncateP(0.05,0.95),_xll.RiskName("Halflife"),_xll.RiskUnits("d")))))} -> #NAME? | U6: =U5+S5-T5 -> #NAME? | V6: {=(U6*_xll.RiskNormal('SW7'!C$3,'SW7'!D$3,_xll.RiskTruncateP(0.05,0.95),_xll.RiskName("PFAS MUSCLE FRAC"))/(B6*_xll.RiskNormal('SW7'!C$4,'SW7'!E$4,_xll.RiskTruncateP(0.05,0.95),_xll.RiskName("MUSCLE BW FRAC"))))/1000} -> #NAME? | W6: {=V6/_xll.RiskNormal('SW7'!C$5,'SW7'!D$5,_xll.RiskTruncateP(0.05,0.95),_xll.RiskName("Serum Part"))} -> #NAME?
A7: =A6+1 -> 4 | B7: {=B6+_xll.RiskNormal(0.5584 + 2*0.001787*A7 -3*0.00000155*A7^2 - 4*0.00000000133*A7^3,0.35*(0.5584 + 2*0.001787*A7 -3*0.00000155*A7^2 - 4*0.00000000133*A7^3),_xll.RiskTruncateP(0.05,0.95),_xll.RiskName("BW Gain"),_xll.RiskUnits("kg"))} -> #NAME? | C7: {=_xll.RiskNormal(50,50*0.3941,_xll.RiskTruncateP(0.05,0.95),_xll.RiskName("Diet 1 Feed"),_xll.RiskUnits("ng/kg dry"))} -> #NAME? | D7: {=_xll.RiskNormal(550,550*0.282,_xll.RiskTruncateP(0.05,0.95),_xll.RiskName("Diet 1 Soil"),_xll.RiskUnits("ng/kg dry"))} -> #NAME? | E7: 1.3 | F7: {=_xll.RiskNormal((-0.0001*A7^2+0.0196*A7+11.697),(-0.0001*A7^2+0.0196*A7+11.697)*0.062,_xll.RiskTruncateP(0.05,0.95),_xll.RiskName("DMI Cow"),_xll.RiskUnits("kg"))} -> #NAME? | G7: {=_xll.RiskNormal(F7*0.0243,F7*0.005,_xll.RiskTruncateP(0.05,0.95),_xll.RiskName("Soil Intake Cow"),_xll.RiskUnits("kg"))} -> #NAME? | H7: {=_xll.RiskNormal('SW7'!C$12,'SW7'!D$12,_xll.RiskTruncateP(0.05,0.95),_xll.RiskName("Water Intake Cow"),_xll.RiskUnits("L"))} -> #NAME? | I7: =F7*C7+G7*D7+H7*E7 -> #NAME? | J7: =I7*0.0213 -> #NAME? | K7: {=_xll.RiskNormal(-0.0000000257*A7^4+0.0000163*A7^3-0.003686*A7^2+0.3024*A7+1.445,(-0.0000000257*A7^4+0.0000163*A7^3-0.003686*A7^2+0.3024*A7+1.445)*0.355,_xll.RiskTruncateP(0.05,0.95),_xll.RiskName("Milk Intake"),_xll.RiskUnits("kg"))} -> #NAME? | M7: {=_xll.RiskNormal(0.0243*L7,0.005*L7,_xll.RiskTruncateP(0.05,0.95),_xll.RiskName("Soil Intake"),_xll.RiskUnits("kg"))} -> #NAME? | N7: =4*L7 -> 0 | O7: =J7*K7 -> #NAME? | P7: =C7*L7 -> #NAME? | Q7: =D7*M7 -> #NAME? | R7: =E7*N7 -> 0 | S7: =SUM(O7:R7) -> #NAME? | T7: {=U6-(U6*(0.5^(1/_xll.RiskNormal('SW7'!C$2,'SW7'!D$2,_xll.RiskTruncateP(0.05,0.95),_xll.RiskName("Halflife"),_xll.RiskUnits("d")))))} -> #NAME? | U7: =U6+S6-T6 -> #NAME? | V7: {=(U7*_xll.RiskNormal('SW7'!C$3,'SW7'!D$3,_xll.RiskTruncateP(0.05,0.95),_xll.RiskName("PFAS MUSCLE FRAC"))/(B7*_xll.RiskNormal('SW7'!C$4,'SW7'!E$4,_xll.RiskTruncateP(0.05,0.95),_xll.RiskName("MUSCLE BW FRAC"))))/1000} -> #NAME? | W7: {=V7/_xll.RiskNormal('SW7'!C$5,'SW7'!D$5,_xll.RiskTruncateP(0.05,0.95),_xll.RiskName("Serum Part"))} -> #NAME?
A8: =A7+1 -> 5 | B8: {=B7+_xll.RiskNormal(0.5584 + 2*0.001787*A8 -3*0.00000155*A8^2 - 4*0.00000000133*A8^3,0.35*(0.5584 + 2*0.001787*A8 -3*0.00000155*A8^2 - 4*0.00000000133*A8^3),_xll.RiskTruncateP(0.05,0.95),_xll.RiskName("BW Gain"),_xll.RiskUnits("kg"))} -> #NAME? | C8: {=_xll.RiskNormal(50,50*0.3941,_xll.RiskTruncateP(0.05,0.95),_xll.RiskName("Diet 1 Feed"),_xll.RiskUnits("ng/kg dry"))} -> #NAME? | D8: {=_xll.RiskNormal(550,550*0.282,_xll.RiskTruncateP(0.05,0.95),_xll.RiskName("Diet 1 Soil"),_xll.RiskUnits("ng/kg dry"))} -> #NAME? | E8: 1.3 | F8: {=_xll.RiskNormal((-0.0001*A8^2+0.0196*A8+11.697),(-0.0001*A8^2+0.0196*A8+11.697)*0.062,_xll.RiskTruncateP(0.05,0.95),_xll.RiskName("DMI Cow"),_xll.RiskUnits("kg"))} -> #NAME? | G8: {=_xll.RiskNormal(F8*0.0243,F8*0.005,_xll.RiskTruncateP(0.05,0.95),_xll.RiskName("Soil Intake Cow"),_xll.RiskUnits("kg"))} -> #NAME? | H8: {=_xll.RiskNormal('SW7'!C$12,'SW7'!D$12,_xll.RiskTruncateP(0.05,0.95),_xll.RiskName("Water Intake Cow"),_xll.RiskUnits("L"))} -> #NAME? | I8: =F8*C8+G8*D8+H8*E8 -> #NAME? | J8: =I8*0.0213 -> #NAME? | K8: {=_xll.RiskNormal(-0.0000000257*A8^4+0.0000163*A8^3-0.003686*A8^2+0.3024*A8+1.445,(-0.0000000257*A8^4+0.0000163*A8^3-0.003686*A8^2+0.3024*A8+1.445)*0.355,_xll.RiskTruncateP(0.05,0.95),_xll.RiskName("Milk Intake"),_xll.RiskUnits("kg"))} -> #NAME? | M8: {=_xll.RiskNormal(0.0243*L8,0.005*L8,_xll.RiskTruncateP(0.05,0.95),_xll.RiskName("Soil Intake"),_xll.RiskUnits("kg"))} -> #NAME? | N8: =4*L8 -> 0 | O8: =J8*K8 -> #NAME? | P8: =C8*L8 -> #NAME? | Q8: =D8*M8 -> #NAME? | R8: =E8*N8 -> 0 | S8: =SUM(O8:R8) -> #NAME? | T8: {=U7-(U7*(0.5^(1/_xll.RiskNormal('SW7'!C$2,'SW7'!D$2,_xll.RiskTruncateP(0.05,0.95),_xll.RiskName("Halflife"),_xll.RiskUnits("d")))))} -> #NAME? | U8: =U7+S7-T7 -> #NAME? | V8: {=(U8*_xll.RiskNormal('SW7'!C$3,'SW7'!D$3,_xll.RiskTruncateP(0.05,0.95),_xll.RiskName("PFAS MUSCLE FRAC"))/(B8*_xll.RiskNormal('SW7'!C$4,'SW7'!E$4,_xll.RiskTruncateP(0.05,0.95),_xll.RiskName("MUSCLE BW FRAC"))))/1000} -> #NAME? | W8: {=V8/_xll.RiskNormal('SW7'!C$5,'SW7'!D$5,_xll.RiskTruncateP(0.05,0.95),_xll.RiskName("Serum Part"))} -> #NAME?
A9: =A8+1 -> 6 | B9: {=B8+_xll.RiskNormal(0.5584 + 2*0.001787*A9 -3*0.00000155*A9^2 - 4*0.00000000133*A9^3,0.35*(0.5584 + 2*0.001787*A9 -3*0.00000155*A9^2 - 4*0.00000000133*A9^3),_xll.RiskTruncateP(0.05,0.95),_xll.RiskName("BW Gain"),_xll.RiskUnits("kg"))} -> #NAME? | C9: {=_xll.RiskNormal(50,50*0.3941,_xll.RiskTruncateP(0.05,0.95),_xll.RiskName("Diet 1 Feed"),_xll.RiskUnits("ng/kg dry"))} -> #NAME? | D9: {=_xll.RiskNormal(550,550*0.282,_xll.RiskTruncateP(0.05,0.95),_xll.RiskName("Diet 1 Soil"),_xll.RiskUnits("ng/kg dry"))} -> #NAME? | E9: 1.3 | F9: {=_xll.RiskNormal((-0.0001*A9^2+0.0196*A9+11.697),(-0.0001*A9^2+0.0196*A9+11.697)*0.062,_xll.RiskTruncateP(0.05,0.95),_xll.RiskName("DMI Cow"),_xll.RiskUnits("kg"))} -> #NAME? | G9: {=_xll.RiskNormal(F9*0.0243,F9*0.005,_xll.RiskTruncateP(0.05,0.95),_xll.RiskName("Soil Intake Cow"),_xll.RiskUnits("kg"))} -> #NAME? | H9: {=_xll.RiskNormal('SW7'!C$12,'SW7'!D$12,_xll.RiskTruncateP(0.05,0.95),_xll.RiskName("Water Intake Cow"),_xll.RiskUnits("L"))} -> #NAME? | I9: =F9*C9+G9*D9+H9*E9 -> #NAME? | J9: =I9*0.0213 -> #NAME? | K9: {=_xll.RiskNormal(-0.0000000257*A9^4+0.0000163*A9^3-0.003686*A9^2+0.3024*A9+1.445,(-0.0000000257*A9^4+0.0000163*A9^3-0.003686*A9^2+0.3024*A9+1.445)*0.355,_xll.RiskTruncateP(0.05,0.95),_xll.RiskName("Milk Intake"),_xll.RiskUnits("kg"))} -> #NAME? | M9: {=_xll.RiskNormal(0.0243*L9,0.005*L9,_xll.RiskTruncateP(0.05,0.95),_xll.RiskName("Soil Intake"),_xll.RiskUnits("kg"))} -> #NAME? | N9: =4*L9 -> 0 | O9: =J9*K9 -> #NAME? | P9: =C9*L9 -> #NAME? | Q9: =D9*M9 -> #NAME? | R9: =E9*N9 -> 0 | S9: =SUM(O9:R9) -> #NAME? | T9: {=U8-(U8*(0.5^(1/_xll.RiskNormal('SW7'!C$2,'SW7'!D$2,_xll.RiskTruncateP(0.05,0.95),_xll.RiskName("Halflife"),_xll.RiskUnits("d")))))} -> #NAME? | U9: =U8+S8-T8 -> #NAME? | V9: {=(U9*_xll.RiskNormal('SW7'!C$3,'SW7'!D$3,_xll.RiskTruncateP(0.05,0.95),_xll.RiskName("PFAS MUSCLE FRAC"))/(B9*_xll.RiskNormal('SW7'!C$4,'SW7'!E$4,_xll.RiskTruncateP(0.05,0.95),_xll.RiskName("MUSCLE BW FRAC"))))/1000} -> #NAME? | W9: {=V9/_xll.RiskNormal('SW7'!C$5,'SW7'!D$5,_xll.RiskTruncateP(0.05,0.95),_xll.RiskName("Serum Part"))} -> #NAME?
A10: =A9+1 -> 7 | B10: {=B9+_xll.RiskNormal(0.5584 + 2*0.001787*A10 -3*0.00000155*A10^2 - 4*0.00000000133*A10^3,0.35*(0.5584 + 2*0.001787*A10 -3*0.00000155*A10^2 - 4*0.00000000133*A10^3),_xll.RiskTruncateP(0.05,0.95),_xll.RiskName("BW Gain"),_xll.RiskUnits("kg"))} -> #NAME? | C10: {=_xll.RiskNormal(50,50*0.3941,_xll.RiskTruncateP(0.05,0.95),_xll.RiskName("Diet 1 Feed"),_xll.RiskUnits("ng/kg dry"))} -> #NAME? | D10: {=_xll.RiskNormal(550,550*0.282,_xll.RiskTruncateP(0.05,0.95),_xll.RiskName("Diet 1 Soil"),_xll.RiskUnits("ng/kg dry"))} -> #NAME? | E10: 1.3 | F10: {=_xll.RiskNormal((-0.0001*A10^2+0.0196*A10+11.697),(-0.0001*A10^2+0.0196*A10+11.697)*0.062,_xll.RiskTruncateP(0.05,0.95),_xll.RiskName("DMI Cow"),_xll.RiskUnits("kg"))} -> #NAME? | G10: {=_xll.RiskNormal(F10*0.0243,F10*0.005,_xll.RiskTruncateP(0.05,0.95),_xll.RiskName("Soil Intake Cow"),_xll.RiskUnits("kg"))} -> #NAME? | H10: {=_xll.RiskNormal('SW7'!C$12,'SW7'!D$12,_xll.RiskTruncateP(0.05,0.95),_xll.RiskName("Water Intake Cow"),_xll.RiskUnits("L"))} -> #NAME? | I10: =F10*C10+G10*D10+H10*E10 -> #NAME? | J10: =I10*0.0213 -> #NAME? | K10: {=_xll.RiskNormal(-0.0000000257*A10^4+0.0000163*A10^3-0.003686*A10^2+0.3024*A10+1.445,(-0.0000000257*A10^4+0.0000163*A10^3-0.003686*A10^2+0.3024*A10+1.445)*0.355,_xll.RiskTruncateP(0.05,0.95),_xll.RiskName("Milk Intake"),_xll.RiskUnits("kg"))} -> #NAME? | M10: {=_xll.RiskNormal(0.0243*L10,0.005*L10,_xll.RiskTruncateP(0.05,0.95),_xll.RiskName("Soil Intake"),_xll.RiskUnits("kg"))} -> #NAME? | N10: =4*L10 -> 0 | O10: =J10*K10 -> #NAME? | P10: =C10*L10 -> #NAME? | Q10: =D10*M10 -> #NAME? | R10: =E10*N10 -> 0 | S10: =SUM(O10:R10) -> #NAME? | T10: {=U9-(U9*(0.5^(1/_xll.RiskNormal('SW7'!C$2,'SW7'!D$2,_xll.RiskTruncateP(0.05,0.95),_xll.RiskName("Halflife"),_xll.RiskUnits("d")))))} -> #NAME? | U10: =U9+S9-T9 -> #NAME? | V10: {=(U10*_xll.RiskNormal('SW7'!C$3,'SW7'!D$3,_xll.RiskTruncateP(0.05,0.95),_xll.RiskName("PFAS MUSCLE FRAC"))/(B10*_xll.RiskNormal('SW7'!C$4,'SW7'!E$4,_xll.RiskTruncateP(0.05,0.95),_xll.RiskName("MUSCLE BW FRAC"))))/1000} -> #NAME? | W10: {=V10/_xll.RiskNormal('SW7'!C$5,'SW7'!D$5,_xll.RiskTruncateP(0.05,0.95),_xll.RiskName("Serum Part"))} -> #NAME?
A11: =A10+1 -> 8 | B11: {=B10+_xll.RiskNormal(0.5584 + 2*0.001787*A11 -3*0.00000155*A11^2 - 4*0.00000000133*A11^3,0.35*(0.5584 + 2*0.001787*A11 -3*0.00000155*A11^2 - 4*0.00000000133*A11^3),_xll.RiskTruncateP(0.05,0.95),_xll.RiskName("BW Gain"),_xll.RiskUnits("kg"))} -> #NAME? | C11: {=_xll.RiskNormal(50,50*0.3941,_xll.RiskTruncateP(0.05,0.95),_xll.RiskName("Diet 1 Feed"),_xll.RiskUnits("ng/kg dry"))} -> #NAME? | D11: {=_xll.RiskNormal(550,550*0.282,_xll.RiskTruncateP(0.05,0.95),_xll.RiskName("Diet 1 Soil"),_xll.RiskUnits("ng/kg dry"))} -> #NAME? | E11: 1.3 | F11: {=_xll.RiskNormal((-0.0001*A11^2+0.0196*A11+11.697),(-0.0001*A11^2+0.0196*A11+11.697)*0.062,_xll.RiskTruncateP(0.05,0.95),_xll.RiskName("DMI Cow"),_xll.RiskUnits("kg"))} -> #NAME? | G11: {=_xll.RiskNormal(F11*0.0243,F11*0.005,_xll.RiskTruncateP(0.05,0.95),_xll.RiskName("Soil Intake Cow"),_xll.RiskUnits("kg"))} -> #NAME? | H11: {=_xll.RiskNormal('SW7'!C$12,'SW7'!D$12,_xll.RiskTruncateP(0.05,0.95),_xll.RiskName("Water Intake Cow"),_xll.RiskUnits("L"))} -> #NAME? | I11: =F11*C11+G11*D11+H11*E11 -> #NAME? | J11: =I11*0.0213 -> #NAME? | K11: {=_xll.RiskNormal(-0.0000000257*A11^4+0.0000163*A11^3-0.003686*A11^2+0.3024*A11+1.445,(-0.0000000257*A11^4+0.0000163*A11^3-0.003686*A11^2+0.3024*A11+1.445)*0.355,_xll.RiskTruncateP(0.05,0.95),_xll.RiskName("Milk Intake"),_xll.RiskUnits("kg"))} -> #NAME? | M11: {=_xll.RiskNormal(0.0243*L11,0.005*L11,_xll.RiskTruncateP(0.05,0.95),_xll.RiskName("Soil Intake"),_xll.RiskUnits("kg"))} -> #NAME? | N11: =4*L11 -> 0 | O11: =J11*K11 -> #NAME? | P11: =C11*L11 -> #NAME? | Q11: =D11*M11 -> #NAME? | R11: =E11*N11 -> 0 | S11: =SUM(O11:R11) -> #NAME? | T11: {=U10-(U10*(0.5^(1/_xll.RiskNormal('SW7'!C$2,'SW7'!D$2,_xll.RiskTruncateP(0.05,0.95),_xll.RiskName("Halflife"),_xll.RiskUnits("d")))))} -> #NAME? | U11: =U10+S10-T10 -> #NAME? | V11: {=(U11*_xll.RiskNormal('SW7'!C$3,'SW7'!D$3,_xll.RiskTruncateP(0.05,0.95),_xll.RiskName("PFAS MUSCLE FRAC"))/(B11*_xll.RiskNormal('SW7'!C$4,'SW7'!E$4,_xll.RiskTruncateP(0.05,0.95),_xll.RiskName("MUSCLE BW FRAC"))))/1000} -> #NAME? | W11: {=V11/_xll.RiskNormal('SW7'!C$5,'SW7'!D$5,_xll.RiskTruncateP(0.05,0.95),_xll.RiskName("Serum Part"))} -> #NAME?
A12: =A11+1 -> 9 | B12: {=B11+_xll.RiskNormal(0.5584 + 2*0.001787*A12 -3*0.00000155*A12^2 - 4*0.00000000133*A12^3,0.35*(0.5584 + 2*0.001787*A12 -3*0.00000155*A12^2 - 4*0.00000000133*A12^3),_xll.RiskTruncateP(0.05,0.95),_xll.RiskName("BW Gain"),_xll.RiskUnits("kg"))} -> #NAME? | C12: {=_xll.RiskNormal(50,50*0.3941,_xll.RiskTruncateP(0.05,0.95),_xll.RiskName("Diet 1 Feed"),_xll.RiskUnits("ng/kg dry"))} -> #NAME? | D12: {=_xll.RiskNormal(550,550*0.282,_xll.RiskTruncateP(0.05,0.95),_xll.RiskName("Diet 1 Soil"),_xll.RiskUnits("ng/kg dry"))} -> #NAME? | E12: 1.3 | F12: {=_xll.RiskNormal((-0.0001*A12^2+0.0196*A12+11.697),(-0.0001*A12^2+0.0196*A12+11.697)*0.062,_xll.RiskTruncateP(0.05,0.95),_xll.RiskName("DMI Cow"),_xll.RiskUnits("kg"))} -> #NAME? | G12: {=_xll.RiskNormal(F12*0.0243,F12*0.005,_xll.RiskTruncateP(0.05,0.95),_xll.RiskName("Soil Intake Cow"),_xll.RiskUnits("kg"))} -> #NAME? | H12: {=_xll.RiskNormal('SW7'!C$12,'SW7'!D$12,_xll.RiskTruncateP(0.05,0.95),_xll.RiskName("Water Intake Cow"),_xll.RiskUnits("L"))} -> #NAME? | I12: =F12*C12+G12*D12+H12*E12 -> #NAME? | J12: =I12*0.0213 -> #NAME? | K12: {=_xll.RiskNormal(-0.0000000257*A12^4+0.0000163*A12^3-0.003686*A12^2+0.3024*A12+1.445,(-0.0000000257*A12^4+0.0000163*A12^3-0.003686*A12^2+0.3024*A12+1.445)*0.355,_xll.RiskTruncateP(0.05,0.95),_xll.RiskName("Milk Intake"),_xll.RiskUnits("kg"))} -> #NAME? | M12: {=_xll.RiskNormal(0.0243*L12,0.005*L12,_xll.RiskTruncateP(0.05,0.95),_xll.RiskName("Soil Intake"),_xll.RiskUnits("kg"))} -> #NAME? | N12: =4*L12 -> 0 | O12: =J12*K12 -> #NAME? | P12: =C12*L12 -> #NAME? | Q12: =D12*M12 -> #NAME? | R12: =E12*N12 -> 0 | S12: =SUM(O12:R12) -> #NAME? | T12: {=U11-(U11*(0.5^(1/_xll.RiskNormal('SW7'!C$2,'SW7'!D$2,_xll.RiskTruncateP(0.05,0.95),_xll.RiskName("Halflife"),_xll.RiskUnits("d")))))} -> #NAME? | U12: =U11+S11-T11 -> #NAME? | V12: {=(U12*_xll.RiskNormal('SW7'!C$3,'SW7'!D$3,_xll.RiskTruncateP(0.05,0.95),_xll.RiskName("PFAS MUSCLE FRAC"))/(B12*_xll.RiskNormal('SW7'!C$4,'SW7'!E$4,_xll.RiskTruncateP(0.05,0.95),_xll.RiskName("MUSCLE BW FRAC"))))/1000} -> #NAME? | W12: {=V12/_xll.RiskNormal('SW7'!C$5,'SW7'!D$5,_xll.RiskTruncateP(0.05,0.95),_xll.RiskName("Serum Part"))} -> #NAME?
A13: =A12+1 -> 10 | B13: {=B12+_xll.RiskNormal(0.5584 + 2*0.001787*A13 -3*0.00000155*A13^2 - 4*0.00000000133*A13^3,0.35*(0.5584 + 2*0.001787*A13 -3*0.00000155*A13^2 - 4*0.00000000133*A13^3),_xll.RiskTruncateP(0.05,0.95),_xll.RiskName("BW Gain"),_xll.RiskUnits("kg"))} -> #NAME? | C13: {=_xll.RiskNormal(50,50*0.3941,_xll.RiskTruncateP(0.05,0.95),_xll.RiskName("Diet 1 Feed"),_xll.RiskUnits("ng/kg dry"))} -> #NAME? | D13: {=_xll.RiskNormal(550,550*0.282,_xll.RiskTruncateP(0.05,0.95),_xll.RiskName("Diet 1 Soil"),_xll.RiskUnits("ng/kg dry"))} -> #NAME? | E13: 1.3 | F13: {=_xll.RiskNormal((-0.0001*A13^2+0.0196*A13+11.697),(-0.0001*A13^2+0.0196*A13+11.697)*0.062,_xll.RiskTruncateP(0.05,0.95),_xll.RiskName("DMI Cow"),_xll.RiskUnits("kg"))} -> #NAME? | G13: {=_xll.RiskNormal(F13*0.0243,F13*0.005,_xll.RiskTruncateP(0.05,0.95),_xll.RiskName("Soil Intake Cow"),_xll.RiskUnits("kg"))} -> #NAME? | H13: {=_xll.RiskNormal('SW7'!C$12,'SW7'!D$12,_xll.RiskTruncateP(0.05,0.95),_xll.RiskName("Water Intake Cow"),_xll.RiskUnits("L"))} -> #NAME? | I13: =F13*C13+G13*D13+H13*E13 -> #NAME? | J13: =I13*0.0213 -> #NAME? | K13: {=_xll.RiskNormal(-0.0000000257*A13^4+0.0000163*A13^3-0.003686*A13^2+0.3024*A13+1.445,(-0.0000000257*A13^4+0.0000163*A13^3-0.003686*A13^2+0.3024*A13+1.445)*0.355,_xll.RiskTruncateP(0.05,0.95),_xll.RiskName("Milk Intake"),_xll.RiskUnits("kg"))} -> #NAME? | M13: {=_xll.RiskNormal(0.0243*L13,0.005*L13,_xll.RiskTruncateP(0.05,0.95),_xll.RiskName("Soil Intake"),_xll.RiskUnits("kg"))} -> #NAME? | N13: =4*L13 -> 0 | O13: =J13*K13 -> #NAME? | P13: =C13*L13 -> #NAME? | Q13: =D13*M13 -> #NAME? | R13: =E13*N13 -> 0 | S13: =SUM(O13:R13) -> #NAME? | T13: {=U12-(U12*(0.5^(1/_xll.RiskNormal('SW7'!C$2,'SW7'!D$2,_xll.RiskTruncateP(0.05,0.95),_xll.RiskName("Halflife"),_xll.RiskUnits("d")))))} -> #NAME? | U13: =U12+S12-T12 -> #NAME? | V13: {=(U13*_xll.RiskNormal('SW7'!C$3,'SW7'!D$3,_xll.RiskTruncateP(0.05,0.95),_xll.RiskName("PFAS MUSCLE FRAC"))/(B13*_xll.RiskNormal('SW7'!C$4,'SW7'!E$4,_xll.RiskTruncateP(0.05,0.95),_xll.RiskName("MUSCLE BW FRAC"))))/1000} -> #NAME? | W13: {=V13/_xll.RiskNormal('SW7'!C$5,'SW7'!D$5,_xll.RiskTruncateP(0.05,0.95),_xll.RiskName("Serum Part"))} -> #NAME?
A14: =A13+1 -> 11 | B14: {=B13+_xll.RiskNormal(0.5584 + 2*0.001787*A14 -3*0.00000155*A14^2 - 4*0.00000000133*A14^3,0.35*(0.5584 + 2*0.001787*A14 -3*0.00000155*A14^2 - 4*0.00000000133*A14^3),_xll.RiskTruncateP(0.05,0.95),_xll.RiskName("BW Gain"),_xll.RiskUnits("kg"))} -> #NAME? | C14: {=_xll.RiskNormal(50,50*0.3941,_xll.RiskTruncateP(0.05,0.95),_xll.RiskName("Diet 1 Feed"),_xll.RiskUnits("ng/kg dry"))} -> #NAME? | D14: {=_xll.RiskNormal(550,550*0.282,_xll.RiskTruncateP(0.05,0.95),_xll.RiskName("Diet 1 Soil"),_xll.RiskUnits("ng/kg dry"))} -> #NAME? | E14: 1.3 | F14: {=_xll.RiskNormal((-0.0001*A14^2+0.0196*A14+11.697),(-0.0001*A14^2+0.0196*A14+11.697)*0.062,_xll.RiskTruncateP(0.05,0.95),_xll.RiskName("DMI Cow"),_xll.RiskUnits("kg"))} -> #NAME? | G14: {=_xll.RiskNormal(F14*0.0243,F14*0.005,_xll.RiskTruncateP(0.05,0.95),_xll.RiskName("Soil Intake Cow"),_xll.RiskUnits("kg"))} -> #NAME? | H14: {=_xll.RiskNormal('SW7'!C$12,'SW7'!D$12,_xll.RiskTruncateP(0.05,0.95),_xll.RiskName("Water Intake Cow"),_xll.RiskUnits("L"))} -> #NAME? | I14: =F14*C14+G14*D14+H14*E14 -> #NAME? | J14: =I14*0.0213 -> #NAME? | K14: {=_xll.RiskNormal(-0.0000000257*A14^4+0.0000163*A14^3-0.003686*A14^2+0.3024*A14+1.445,(-0.0000000257*A14^4+0.0000163*A14^3-0.003686*A14^2+0.3024*A14+1.445)*0.355,_xll.RiskTruncateP(0.05,0.95),_xll.RiskName("Milk Intake"),_xll.RiskUnits("kg"))} -> #NAME? | M14: {=_xll.RiskNormal(0.0243*L14,0.005*L14,_xll.RiskTruncateP(0.05,0.95),_xll.RiskName("Soil Intake"),_xll.RiskUnits("kg"))} -> #NAME? | N14: =4*L14 -> 0 | O14: =J14*K14 -> #NAME? | P14: =C14*L14 -> #NAME? | Q14: =D14*M14 -> #NAME? | R14: =E14*N14 -> 0 | S14: =SUM(O14:R14) -> #NAME? | T14: {=U13-(U13*(0.5^(1/_xll.RiskNormal('SW7'!C$2,'SW7'!D$2,_xll.RiskTruncateP(0.05,0.95),_xll.RiskName("Halflife"),_xll.RiskUnits("d")))))} -> #NAME? | U14: =U13+S13-T13 -> #NAME? | V14: {=(U14*_xll.RiskNormal('SW7'!C$3,'SW7'!D$3,_xll.RiskTruncateP(0.05,0.95),_xll.RiskName("PFAS MUSCLE FRAC"))/(B14*_xll.RiskNormal('SW7'!C$4,'SW7'!E$4,_xll.RiskTruncateP(0.05,0.95),_xll.RiskName("MUSCLE BW FRAC"))))/1000} -> #NAME? | W14: {=V14/_xll.RiskNormal('SW7'!C$5,'SW7'!D$5,_xll.RiskTruncateP(0.05,0.95),_xll.RiskName("Serum Part"))} -> #NAME?
A15: =A14+1 -> 12 | B15: {=B14+_xll.RiskNormal(0.5584 + 2*0.001787*A15 -3*0.00000155*A15^2 - 4*0.00000000133*A15^3,0.35*(0.5584 + 2*0.001787*A15 -3*0.00000155*A15^2 - 4*0.00000000133*A15^3),_xll.RiskTruncateP(0.05,0.95),_xll.RiskName("BW Gain"),_xll.RiskUnits("kg"))} -> #NAME? | C15: {=_xll.RiskNormal(50,50*0.3941,_xll.RiskTruncateP(0.05,0.95),_xll.RiskName("Diet 1 Feed"),_xll.RiskUnits("ng/kg dry"))} -> #NAME? | D15: {=_xll.RiskNormal(550,550*0.282,_xll.RiskTruncateP(0.05,0.95),_xll.RiskName("Diet 1 Soil"),_xll.RiskUnits("ng/kg dry"))} -> #NAME? | E15: 1.3 | F15: {=_xll.RiskNormal((-0.0001*A15^2+0.0196*A15+11.697),(-0.0001*A15^2+0.0196*A15+11.697)*0.062,_xll.RiskTruncateP(0.05,0.95),_xll.RiskName("DMI Cow"),_xll.RiskUnits("kg"))} -> #NAME? | G15: {=_xll.RiskNormal(F15*0.0243,F15*0.005,_xll.RiskTruncateP(0.05,0.95),_xll.RiskName("Soil Intake Cow"),_xll.RiskUnits("kg"))} -> #NAME? | H15: {=_xll.RiskNormal('SW7'!C$12,'SW7'!D$12,_xll.RiskTruncateP(0.05,0.95),_xll.RiskName("Water Intake Cow"),_xll.RiskUnits("L"))} -> #NAME? | I15: =F15*C15+G15*D15+H15*E15 -> #NAME? | J15: =I15*0.0213 -> #NAME? | K15: {=_xll.RiskNormal(-0.0000000257*A15^4+0.0000163*A15^3-0.003686*A15^2+0.3024*A15+1.445,(-0.0000000257*A15^4+0.0000163*A15^3-0.003686*A15^2+0.3024*A15+1.445)*0.355,_xll.RiskTruncateP(0.05,0.95),_xll.RiskName("Milk Intake"),_xll.RiskUnits("kg"))} -> #NAME? | M15: {=_xll.RiskNormal(0.0243*L15,0.005*L15,_xll.RiskTruncateP(0.05,0.95),_xll.RiskName("Soil Intake"),_xll.RiskUnits("kg"))} -> #NAME? | N15: =4*L15 -> 0 | O15: =J15*K15 -> #NAME? | P15: =C15*L15 -> #NAME? | Q15: =D15*M15 -> #NAME? | R15: =E15*N15 -> 0 | S15: =SUM(O15:R15) -> #NAME? | T15: {=U14-(U14*(0.5^(1/_xll.RiskNormal('SW7'!C$2,'SW7'!D$2,_xll.RiskTruncateP(0.05,0.95),_xll.RiskName("Halflife"),_xll.RiskUnits("d")))))} -> #NAME? | U15: =U14+S14-T14 -> #NAME? | V15: {=(U15*_xll.RiskNormal('SW7'!C$3,'SW7'!D$3,_xll.RiskTruncateP(0.05,0.95),_xll.RiskName("PFAS MUSCLE FRAC"))/(B15*_xll.RiskNormal('SW7'!C$4,'SW7'!E$4,_xll.RiskTruncateP(0.05,0.95),_xll.RiskName("MUSCLE BW FRAC"))))/1000} -> #NAME? | W15: {=V15/_xll.RiskNormal('SW7'!C$5,'SW7'!D$5,_xll.RiskTruncateP(0.05,0.95),_xll.RiskName("Serum Part"))} -> #NAME?
... A32: =A31+1 -> 29 | B32: {=B31+_xll.RiskNormal(0.5584 + 2*0.001787*A32 -3*0.00000155*A32^2 - 4*0.00000000133*A32^3,0.35*(0.5584 + 2*0.001787*A32 -3*0.00000155*A32^2 - 4*0.00000000133*A32^3),_xll.RiskTruncateP(0.05,0.95),_xll.RiskName("BW Gain"),_xll.RiskUnits("kg"))} -> #NAME? | C32: {=_xll.RiskNormal(50,50*0.3941,_xll.RiskTruncateP(0.05,0.95),_xll.RiskName("Diet 1 Feed"),_xll.RiskUnits("ng/kg dry"))} -> #NAME? | D32: {=_xll.RiskNormal(550,550*0.282,_xll.RiskTruncateP(0.05,0.95),_xll.RiskName("Diet 1 Soil"),_xll.RiskUnits("ng/kg dry"))} -> #NAME? | E32: 1.3 | F32: {=_xll.RiskNormal((-0.0001*A32^2+0.0196*A32+11.697),(-0.0001*A32^2+0.0196*A32+11.697)*0.062,_xll.RiskTruncateP(0.05,0.95),_xll.RiskName("DMI Cow"),_xll.RiskUnits("kg"))} -> #NAME? | G32: {=_xll.RiskNormal(F32*0.0243,F32*0.005,_xll.RiskTruncateP(0.05,0.95),_xll.RiskName("Soil Intake Cow"),_xll.RiskUnits("kg"))} -> #NAME? | H32: {=_xll.RiskNormal('SW7'!C$12,'SW7'!D$12,_xll.RiskTruncateP(0.05,0.95),_xll.RiskName("Water Intake Cow"),_xll.RiskUnits("L"))} -> #NAME? | I32: =F32*C32+G32*D32+H32*E32 -> #NAME? | J32: =I32*0.0213 -> #NAME? | K32: {=_xll.RiskNormal(-0.0000000257*A32^4+0.0000163*A32^3-0.003686*A32^2+0.3024*A32+1.445,(-0.0000000257*A32^4+0.0000163*A32^3-0.003686*A32^2+0.3024*A32+1.445)*0.355,_xll.RiskTruncateP(0.05,0.95),_xll.RiskName("Milk Intake"),_xll.RiskUnits("kg"))} -> #NAME? | M32: {=_xll.RiskNormal(0.0243*L32,0.005*L32,_xll.RiskTruncateP(0.05,0.95),_xll.RiskName("Soil Intake"),_xll.RiskUnits("kg"))} -> #NAME? | N32: =4*L32 -> 0 | O32: =J32*K32 -> #NAME? | P32: =C32*L32 -> #NAME? | Q32: =D32*M32 -> #NAME? | R32: =E32*N32 -> 0 | S32: =SUM(O32:R32) -> #NAME? | T32: {=U31-(U31*(0.5^(1/_xll.RiskNormal('SW7'!C$2,'SW7'!D$2,_xll.RiskTruncateP(0.05,0.95),_xll.RiskName("Halflife"),_xll.RiskUnits("d")))))} -> #NAME? | U32: =U31+S31-T31 -> #NAME? | V32: {=(U32*_xll.RiskNormal('SW7'!C$3,'SW7'!D$3,_xll.RiskTruncateP(0.05,0.95),_xll.RiskName("PFAS MUSCLE FRAC"))/(B32*_xll.RiskNormal('SW7'!C$4,'SW7'!E$4,_xll.RiskTruncateP(0.05,0.95),_xll.RiskName("MUSCLE BW FRAC"))))/1000} -> #NAME? | W32: {=V32/_xll.RiskNormal('SW7'!C$5,'SW7'!D$5,_xll.RiskTruncateP(0.05,0.95),_xll.RiskName("Serum Part"))} -> #NAME?
A33: =A32+1 -> 30 | B33: {=B32+_xll.RiskNormal(0.5584 + 2*0.001787*A33 -3*0.00000155*A33^2 - 4*0.00000000133*A33^3,0.35*(0.5584 + 2*0.001787*A33 -3*0.00000155*A33^2 - 4*0.00000000133*A33^3),_xll.RiskTruncateP(0.05,0.95),_xll.RiskName("BW Gain"),_xll.RiskUnits("kg"))} -> #NAME? | C33: {=_xll.RiskNormal(50,50*0.3941,_xll.RiskTruncateP(0.05,0.95),_xll.RiskName("Diet 1 Feed"),_xll.RiskUnits("ng/kg dry"))} -> #NAME? | D33: {=_xll.RiskNormal(550,550*0.282,_xll.RiskTruncateP(0.05,0.95),_xll.RiskName("Diet 1 Soil"),_xll.RiskUnits("ng/kg dry"))} -> #NAME? | E33: 1.3 | F33: {=_xll.RiskNormal((-0.0001*A33^2+0.0196*A33+11.697),(-0.0001*A33^2+0.0196*A33+11.697)*0.062,_xll.RiskTruncateP(0.05,0.95),_xll.RiskName("DMI Cow"),_xll.RiskUnits("kg"))} -> #NAME? | G33: =F33*0.0243 -> #NAME? | H33: {=_xll.RiskNormal('SW7'!C$12,'SW7'!D$12,_xll.RiskTruncateP(0.05,0.95),_xll.RiskName("Water Intake Cow"),_xll.RiskUnits("L"))} -> #NAME? | I33: =F33*C33+G33*D33+H33*E33 -> #NAME? | J33: =I33*0.0213 -> #NAME? | K33: {=_xll.RiskNormal(-0.0000000257*A33^4+0.0000163*A33^3-0.003686*A33^2+0.3024*A33+1.445,(-0.0000000257*A33^4+0.0000163*A33^3-0.003686*A33^2+0.3024*A33+1.445)*0.355,_xll.RiskTruncateP(0.05,0.95),_xll.RiskName("Milk Intake"),_xll.RiskUnits("kg"))} -> #NAME? | M33: {=_xll.RiskNormal(0.0243*L33,0.005*L33,_xll.RiskTruncateP(0.05,0.95),_xll.RiskName("Soil Intake"),_xll.RiskUnits("kg"))} -> #NAME? | N33: =4*L33 -> 0 | O33: =J33*K33 -> #NAME? | P33: =C33*L33 -> #NAME? | Q33: =D33*M33 -> #NAME? | R33: =E33*N33 -> 0 | S33: =SUM(O33:R33) -> #NAME? | T33: {=U32-(U32*(0.5^(1/_xll.RiskNormal('SW7'!C$2,'SW7'!D$2,_xll.RiskTruncateP(0.05,0.95),_xll.RiskName("Halflife"),_xll.RiskUnits("d")))))} -> #NAME? | U33: =U32+S32-T32 -> #NAME? | V33: {=(U33*_xll.RiskNormal('SW7'!C$3,'SW7'!D$3,_xll.RiskTruncateP(0.05,0.95),_xll.RiskName("PFAS MUSCLE FRAC"))/(B33*_xll.RiskNormal('SW7'!C$4,'SW7'!E$4,_xll.RiskTruncateP(0.05,0.95),_xll.RiskName("MUSCLE BW FRAC"))))/1000} -> #NAME? | W33: {=V33/_xll.RiskNormal('SW7'!C$5,'SW7'!D$5,_xll.RiskTruncateP(0.05,0.95),_xll.RiskName("Serum Part"))} -> #NAME?
A34: =A33+1 -> 31 | B34: {=B33+_xll.RiskNormal(0.5584 + 2*0.001787*A34 -3*0.00000155*A34^2 - 4*0.00000000133*A34^3,0.35*(0.5584 + 2*0.001787*A34 -3*0.00000155*A34^2 - 4*0.00000000133*A34^3),_xll.RiskTruncateP(0.05,0.95),_xll.RiskName("BW Gain"),_xll.RiskUnits("kg"))} -> #NAME? | C34: {=_xll.RiskNormal(50,50*0.3941,_xll.RiskTruncateP(0.05,0.95),_xll.RiskName("Diet 1 Feed"),_xll.RiskUnits("ng/kg dry"))} -> #NAME? | D34: {=_xll.RiskNormal(550,550*0.282,_xll.RiskTruncateP(0.05,0.95),_xll.RiskName("Diet 1 Soil"),_xll.RiskUnits("ng/kg dry"))} -> #NAME? | E34: 1.3 | F34: {=_xll.RiskNormal((-0.0001*A34^2+0.0196*A34+11.697),(-0.0001*A34^2+0.0196*A34+11.697)*0.062,_xll.RiskTruncateP(0.05,0.95),_xll.RiskName("DMI Cow"),_xll.RiskUnits("kg"))} -> #NAME? | G34: =F34*0.0243 -> #NAME? | H34: {=_xll.RiskNormal('SW7'!C$12,'SW7'!D$12,_xll.RiskTruncateP(0.05,0.95),_xll.RiskName("Water Intake Cow"),_xll.RiskUnits("L"))} -> #NAME? | I34: =F34*C34+G34*D34+H34*E34 -> #NAME? | J34: =I34*0.0213 -> #NAME? | K34: {=_xll.RiskNormal(-0.0000000257*A34^4+0.0000163*A34^3-0.003686*A34^2+0.3024*A34+1.445,(-0.0000000257*A34^4+0.0000163*A34^3-0.003686*A34^2+0.3024*A34+1.445)*0.355,_xll.RiskTruncateP(0.05,0.95),_xll.RiskName("Milk Intake"),_xll.RiskUnits("kg"))} -> #NAME? | M34: {=_xll.RiskNormal(0.0243*L34,0.005*L34,_xll.RiskTruncateP(0.05,0.95),_xll.RiskName("Soil Intake"),_xll.RiskUnits("kg"))} -> #NAME? | N34: =4*L34 -> 0 | O34: =J34*K34 -> #NAME? | P34: =C34*L34 -> #NAME? | Q34: =D34*M34 -> #NAME? | R34: =E34*N34 -> 0 | S34: =SUM(O34:R34) -> #NAME? | T34: {=U33-(U33*(0.5^(1/_xll.RiskNormal('SW7'!C$2,'SW7'!D$2,_xll.RiskTruncateP(0.05,0.95),_xll.RiskName("Halflife"),_xll.RiskUnits("d")))))} -> #NAME? | U34: =U33+S33-T33 -> #NAME? | V34: {=(U34*_xll.RiskNormal('SW7'!C$3,'SW7'!D$3,_xll.RiskTruncateP(0.05,0.95),_xll.RiskName("PFAS MUSCLE FRAC"))/(B34*_xll.RiskNormal('SW7'!C$4,'SW7'!E$4,_xll.RiskTruncateP(0.05,0.95),_xll.RiskName("MUSCLE BW FRAC"))))/1000} -> #NAME? | W34: {=V34/_xll.RiskNormal('SW7'!C$5,'SW7'!D$5,_xll.RiskTruncateP(0.05,0.95),_xll.RiskName("Serum Part"))} -> #NAME?
A35: =A34+1 -> 32 | B35: {=B34+_xll.RiskNormal(0.5584 + 2*0.001787*A35 -3*0.00000155*A35^2 - 4*0.00000000133*A35^3,0.35*(0.5584 + 2*0.001787*A35 -3*0.00000155*A35^2 - 4*0.00000000133*A35^3),_xll.RiskTruncateP(0.05,0.95),_xll.RiskName("BW Gain"),_xll.RiskUnits("kg"))} -> #NAME? | C35: {=_xll.RiskNormal(50,50*0.3941,_xll.RiskTruncateP(0.05,0.95),_xll.RiskName("Diet 1 Feed"),_xll.RiskUnits("ng/kg dry"))} -> #NAME? | D35: {=_xll.RiskNormal(550,550*0.282,_xll.RiskTruncateP(0.05,0.95),_xll.RiskName("Diet 1 Soil"),_xll.RiskUnits("ng/kg dry"))} -> #NAME? | E35: 1.3 | F35: {=_xll.RiskNormal((-0.0001*A35^2+0.0196*A35+11.697),(-0.0001*A35^2+0.0196*A35+11.697)*0.062,_xll.RiskTruncateP(0.05,0.95),_xll.RiskName("DMI Cow"),_xll.RiskUnits("kg"))} -> #NAME? | G35: =F35*0.0243 -> #NAME? | H35: {=_xll.RiskNormal('SW7'!C$12,'SW7'!D$12,_xll.RiskTruncateP(0.05,0.95),_xll.RiskName("Water Intake Cow"),_xll.RiskUnits("L"))} -> #NAME? | I35: =F35*C35+G35*D35+H35*E35 -> #NAME? | J35: =I35*0.0213 -> #NAME? | K35: {=_xll.RiskNormal(-0.0000000257*A35^4+0.0000163*A35^3-0.003686*A35^2+0.3024*A35+1.445,(-0.0000000257*A35^4+0.0000163*A35^3-0.003686*A35^2+0.3024*A35+1.445)*0.355,_xll.RiskTruncateP(0.05,0.95),_xll.RiskName("Milk Intake"),_xll.RiskUnits("kg"))} -> #NAME? | M35: {=_xll.RiskNormal(0.0243*L35,0.005*L35,_xll.RiskTruncateP(0.05,0.95),_xll.RiskName("Soil Intake"),_xll.RiskUnits("kg"))} -> #NAME? | N35: =4*L35 -> 0 | O35: =J35*K35 -> #NAME? | P35: =C35*L35 -> #NAME? | Q35: =D35*M35 -> #NAME? | R35: =E35*N35 -> 0 | S35: =SUM(O35:R35) -> #NAME? | T35: {=U34-(U34*(0.5^(1/_xll.RiskNormal('SW7'!C$2,'SW7'!D$2,_xll.RiskTruncateP(0.05,0.95),_xll.RiskName("Halflife"),_xll.RiskUnits("d")))))} -> #NAME? | U35: =U34+S34-T34 -> #NAME? | V35: {=(U35*_xll.RiskNormal('SW7'!C$3,'SW7'!D$3,_xll.RiskTruncateP(0.05,0.95),_xll.RiskName("PFAS MUSCLE FRAC"))/(B35*_xll.RiskNormal('SW7'!C$4,'SW7'!E$4,_xll.RiskTruncateP(0.05,0.95),_xll.RiskName("MUSCLE BW FRAC"))))/1000} -> #NAME? | W35: {=V35/_xll.RiskNormal('SW7'!C$5,'SW7'!D$5,_xll.RiskTruncateP(0.05,0.95),_xll.RiskName("Serum Part"))} -> #NAME?
A36: =A35+1 -> 33 | B36: {=B35+_xll.RiskNormal(0.5584 + 2*0.001787*A36 -3*0.00000155*A36^2 - 4*0.00000000133*A36^3,0.35*(0.5584 + 2*0.001787*A36 -3*0.00000155*A36^2 - 4*0.00000000133*A36^3),_xll.RiskTruncateP(0.05,0.95),_xll.RiskName("BW Gain"),_xll.RiskUnits("kg"))} -> #NAME? | C36: {=_xll.RiskNormal(50,50*0.3941,_xll.RiskTruncateP(0.05,0.95),_xll.RiskName("Diet 1 Feed"),_xll.RiskUnits("ng/kg dry"))} -> #NAME? | D36: {=_xll.RiskNormal(550,550*0.282,_xll.RiskTruncateP(0.05,0.95),_xll.RiskName("Diet 1 Soil"),_xll.RiskUnits("ng/kg dry"))} -> #NAME? | E36: 1.3 | F36: {=_xll.RiskNormal((-0.0001*A36^2+0.0196*A36+11.697),(-0.0001*A36^2+0.0196*A36+11.697)*0.062,_xll.RiskTruncateP(0.05,0.95),_xll.RiskName("DMI Cow"),_xll.RiskUnits("kg"))} -> #NAME? | G36: =F36*0.0243 -> #NAME? | H36: {=_xll.RiskNormal('SW7'!C$12,'SW7'!D$12,_xll.RiskTruncateP(0.05,0.95),_xll.RiskName("Water Intake Cow"),_xll.RiskUnits("L"))} -> #NAME? | I36: =F36*C36+G36*D36+H36*E36 -> #NAME? | J36: =I36*0.0213 -> #NAME? | K36: {=_xll.RiskNormal(-0.0000000257*A36^4+0.0000163*A36^3-0.003686*A36^2+0.3024*A36+1.445,(-0.0000000257*A36^4+0.0000163*A36^3-0.003686*A36^2+0.3024*A36+1.445)*0.355,_xll.RiskTruncateP(0.05,0.95),_xll.RiskName("Milk Intake"),_xll.RiskUnits("kg"))} -> #NAME? | M36: {=_xll.RiskNormal(0.0243*L36,0.005*L36,_xll.RiskTruncateP(0.05,0.95),_xll.RiskName("Soil Intake"),_xll.RiskUnits("kg"))} -> #NAME? | N36: =4*L36 -> 0 | O36: =J36*K36 -> #NAME? | P36: =C36*L36 -> #NAME? | Q36: =D36*M36 -> #NAME? | R36: =E36*N36 -> 0 | S36: =SUM(O36:R36) -> #NAME? | T36: {=U35-(U35*(0.5^(1/_xll.RiskNormal('SW7'!C$2,'SW7'!D$2,_xll.RiskTruncateP(0.05,0.95),_xll.RiskName("Halflife"),_xll.RiskUnits("d")))))} -> #NAME? | U36: =U35+S35-T35 -> #NAME? | V36: {=(U36*_xll.RiskNormal('SW7'!C$3,'SW7'!D$3,_xll.RiskTruncateP(0.05,0.95),_xll.RiskName("PFAS MUSCLE FRAC"))/(B36*_xll.RiskNormal('SW7'!C$4,'SW7'!E$4,_xll.RiskTruncateP(0.05,0.95),_xll.RiskName("MUSCLE BW FRAC"))))/1000} -> #NAME? | W36: {=V36/_xll.RiskNormal('SW7'!C$5,'SW7'!D$5,_xll.RiskTruncateP(0.05,0.95),_xll.RiskName("Serum Part"))} -> #NAME?
A37: =A36+1 -> 34 | B37: {=B36+_xll.RiskNormal(0.5584 + 2*0.001787*A37 -3*0.00000155*A37^2 - 4*0.00000000133*A37^3,0.35*(0.5584 + 2*0.001787*A37 -3*0.00000155*A37^2 - 4*0.00000000133*A37^3),_xll.RiskTruncateP(0.05,0.95),_xll.RiskName("BW Gain"),_xll.RiskUnits("kg"))} -> #NAME? | C37: {=_xll.RiskNormal(50,50*0.3941,_xll.RiskTruncateP(0.05,0.95),_xll.RiskName("Diet 1 Feed"),_xll.RiskUnits("ng/kg dry"))} -> #NAME? | D37: {=_xll.RiskNormal(550,550*0.282,_xll.RiskTruncateP(0.05,0.95),_xll.RiskName("Diet 1 Soil"),_xll.RiskUnits("ng/kg dry"))} -> #NAME? | E37: 1.3 | F37: {=_xll.RiskNormal((-0.0001*A37^2+0.0196*A37+11.697),(-0.0001*A37^2+0.0196*A37+11.697)*0.062,_xll.RiskTruncateP(0.05,0.95),_xll.RiskName("DMI Cow"),_xll.RiskUnits("kg"))} -> #NAME? | G37: =F37*0.0243 -> #NAME? | H37: {=_xll.RiskNormal('SW7'!C$12,'SW7'!D$12,_xll.RiskTruncateP(0.05,0.95),_xll.RiskName("Water Intake Cow"),_xll.RiskUnits("L"))} -> #NAME? | I37: =F37*C37+G37*D37+H37*E37 -> #NAME? | J37: =I37*0.0213 -> #NAME? | K37: {=_xll.RiskNormal(-0.0000000257*A37^4+0.0000163*A37^3-0.003686*A37^2+0.3024*A37+1.445,(-0.0000000257*A37^4+0.0000163*A37^3-0.003686*A37^2+0.3024*A37+1.445)*0.355,_xll.RiskTruncateP(0.05,0.95),_xll.RiskName("Milk Intake"),_xll.RiskUnits("kg"))} -> #NAME? | M37: {=_xll.RiskNormal(0.0243*L37,0.005*L37,_xll.RiskTruncateP(0.05,0.95),_xll.RiskName("Soil Intake"),_xll.RiskUnits("kg"))} -> #NAME? | N37: =4*L37 -> 0 | O37: =J37*K37 -> #NAME? | P37: =C37*L37 -> #NAME? | Q37: =D37*M37 -> #NAME? | R37: =E37*N37 -> 0 | S37: =SUM(O37:R37) -> #NAME? | T37: {=U36-(U36*(0.5^(1/_xll.RiskNormal('SW7'!C$2,'SW7'!D$2,_xll.RiskTruncateP(0.05,0.95),_xll.RiskName("Halflife"),_xll.RiskUnits("d")))))} -> #NAME? | U37: =U36+S36-T36 -> #NAME? | V37: {=(U37*_xll.RiskNormal('SW7'!C$3,'SW7'!D$3,_xll.RiskTruncateP(0.05,0.95),_xll.RiskName("PFAS MUSCLE FRAC"))/(B37*_xll.RiskNormal('SW7'!C$4,'SW7'!E$4,_xll.RiskTruncateP(0.05,0.95),_xll.RiskName("MUSCLE BW FRAC"))))/1000} -> #NAME? | W37: {=V37/_xll.RiskNormal('SW7'!C$5,'SW7'!D$5,_xll.RiskTruncateP(0.05,0.95),_xll.RiskName("Serum Part"))} -> #NAME?
A38: =A37+1 -> 35 | B38: {=B37+_xll.RiskNormal(0.5584 + 2*0.001787*A38 -3*0.00000155*A38^2 - 4*0.00000000133*A38^3,0.35*(0.5584 + 2*0.001787*A38 -3*0.00000155*A38^2 - 4*0.00000000133*A38^3),_xll.RiskTruncateP(0.05,0.95),_xll.RiskName("BW Gain"),_xll.RiskUnits("kg"))} -> #NAME? | C38: {=_xll.RiskNormal(50,50*0.3941,_xll.RiskTruncateP(0.05,0.95),_xll.RiskName("Diet 1 Feed"),_xll.RiskUnits("ng/kg dry"))} -> #NAME? | D38: {=_xll.RiskNormal(550,550*0.282,_xll.RiskTruncateP(0.05,0.95),_xll.RiskName("Diet 1 Soil"),_xll.RiskUnits("ng/kg dry"))} -> #NAME? | E38: 1.3 | F38: {=_xll.RiskNormal((-0.0001*A38^2+0.0196*A38+11.697),(-0.0001*A38^2+0.0196*A38+11.697)*0.062,_xll.RiskTruncateP(0.05,0.95),_xll.RiskName("DMI Cow"),_xll.RiskUnits("kg"))} -> #NAME? | G38: =F38*0.0243 -> #NAME? | H38: {=_xll.RiskNormal('SW7'!C$12,'SW7'!D$12,_xll.RiskTruncateP(0.05,0.95),_xll.RiskName("Water Intake Cow"),_xll.RiskUnits("L"))} -> #NAME? | I38: =F38*C38+G38*D38+H38*E38 -> #NAME? | J38: =I38*0.0213 -> #NAME? | K38: {=_xll.RiskNormal(-0.0000000257*A38^4+0.0000163*A38^3-0.003686*A38^2+0.3024*A38+1.445,(-0.0000000257*A38^4+0.0000163*A38^3-0.003686*A38^2+0.3024*A38+1.445)*0.355,_xll.RiskTruncateP(0.05,0.95),_xll.RiskName("Milk Intake"),_xll.RiskUnits("kg"))} -> #NAME? | M38: {=_xll.RiskNormal(0.0243*L38,0.005*L38,_xll.RiskTruncateP(0.05,0.95),_xll.RiskName("Soil Intake"),_xll.RiskUnits("kg"))} -> #NAME? | N38: =4*L38 -> 0 | O38: =J38*K38 -> #NAME? | P38: =C38*L38 -> #NAME? | Q38: =D38*M38 -> #NAME? | R38: =E38*N38 -> 0 | S38: =SUM(O38:R38) -> #NAME? | T38: {=U37-(U37*(0.5^(1/_xll.RiskNormal('SW7'!C$2,'SW7'!D$2,_xll.RiskTruncateP(0.05,0.95),_xll.RiskName("Halflife"),_xll.RiskUnits("d")))))} -> #NAME? | U38: =U37+S37-T37 -> #NAME? | V38: {=(U38*_xll.RiskNormal('SW7'!C$3,'SW7'!D$3,_xll.RiskTruncateP(0.05,0.95),_xll.RiskName("PFAS MUSCLE FRAC"))/(B38*_xll.RiskNormal('SW7'!C$4,'SW7'!E$4,_xll.RiskTruncateP(0.05,0.95),_xll.RiskName("MUSCLE BW FRAC"))))/1000} -> #NAME? | W38: {=V38/_xll.RiskNormal('SW7'!C$5,'SW7'!D$5,_xll.RiskTruncateP(0.05,0.95),_xll.RiskName("Serum Part"))} -> #NAME?
A39: =A38+1 -> 36 | B39: {=B38+_xll.RiskNormal(0.5584 + 2*0.001787*A39 -3*0.00000155*A39^2 - 4*0.00000000133*A39^3,0.35*(0.5584 + 2*0.001787*A39 -3*0.00000155*A39^2 - 4*0.00000000133*A39^3),_xll.RiskTruncateP(0.05,0.95),_xll.RiskName("BW Gain"),_xll.RiskUnits("kg"))} -> #NAME? | C39: {=_xll.RiskNormal(50,50*0.3941,_xll.RiskTruncateP(0.05,0.95),_xll.RiskName("Diet 1 Feed"),_xll.RiskUnits("ng/kg dry"))} -> #NAME? | D39: {=_xll.RiskNormal(550,550*0.282,_xll.RiskTruncateP(0.05,0.95),_xll.RiskName("Diet 1 Soil"),_xll.RiskUnits("ng/kg dry"))} -> #NAME? | E39: 1.3 | F39: {=_xll.RiskNormal((-0.0001*A39^2+0.0196*A39+11.697),(-0.0001*A39^2+0.0196*A39+11.697)*0.062,_xll.RiskTruncateP(0.05,0.95),_xll.RiskName("DMI Cow"),_xll.RiskUnits("kg"))} -> #NAME? | G39: =F39*0.0243 -> #NAME? | H39: {=_xll.RiskNormal('SW7'!C$12,'SW7'!D$12,_xll.RiskTruncateP(0.05,0.95),_xll.RiskName("Water Intake Cow"),_xll.RiskUnits("L"))} -> #NAME? | I39: =F39*C39+G39*D39+H39*E39 -> #NAME? | J39: =I39*0.0213 -> #NAME? | K39: {=_xll.RiskNormal(-0.0000000257*A39^4+0.0000163*A39^3-0.003686*A39^2+0.3024*A39+1.445,(-0.0000000257*A39^4+0.0000163*A39^3-0.003686*A39^2+0.3024*A39+1.445)*0.355,_xll.RiskTruncateP(0.05,0.95),_xll.RiskName("Milk Intake"),_xll.RiskUnits("kg"))} -> #NAME? | M39: {=_xll.RiskNormal(0.0243*L39,0.005*L39,_xll.RiskTruncateP(0.05,0.95),_xll.RiskName("Soil Intake"),_xll.RiskUnits("kg"))} -> #NAME? | N39: =4*L39 -> 0 | O39: =J39*K39 -> #NAME? | P39: =C39*L39 -> #NAME? | Q39: =D39*M39 -> #NAME? | R39: =E39*N39 -> 0 | S39: =SUM(O39:R39) -> #NAME? | T39: {=U38-(U38*(0.5^(1/_xll.RiskNormal('SW7'!C$2,'SW7'!D$2,_xll.RiskTruncateP(0.05,0.95),_xll.RiskName("Halflife"),_xll.RiskUnits("d")))))} -> #NAME? | U39: =U38+S38-T38 -> #NAME? | V39: {=(U39*_xll.RiskNormal('SW7'!C$3,'SW7'!D$3,_xll.RiskTruncateP(0.05,0.95),_xll.RiskName("PFAS MUSCLE FRAC"))/(B39*_xll.RiskNormal('SW7'!C$4,'SW7'!E$4,_xll.RiskTruncateP(0.05,0.95),_xll.RiskName("MUSCLE BW FRAC"))))/1000} -> #NAME? | W39: {=V39/_xll.RiskNormal('SW7'!C$5,'SW7'!D$5,_xll.RiskTruncateP(0.05,0.95),_xll.RiskName("Serum Part"))} -> #NAME?
A40: =A39+1 -> 37 | B40: {=B39+_xll.RiskNormal(0.5584 + 2*0.001787*A40 -3*0.00000155*A40^2 - 4*0.00000000133*A40^3,0.35*(0.5584 + 2*0.001787*A40 -3*0.00000155*A40^2 - 4*0.00000000133*A40^3),_xll.RiskTruncateP(0.05,0.95),_xll.RiskName("BW Gain"),_xll.RiskUnits("kg"))} -> #NAME? | C40: {=_xll.RiskNormal(50,50*0.3941,_xll.RiskTruncateP(0.05,0.95),_xll.RiskName("Diet 1 Feed"),_xll.RiskUnits("ng/kg dry"))} -> #NAME? | D40: {=_xll.RiskNormal(550,550*0.282,_xll.RiskTruncateP(0.05,0.95),_xll.RiskName("Diet 1 Soil"),_xll.RiskUnits("ng/kg dry"))} -> #NAME? | E40: 1.3 | F40: {=_xll.RiskNormal((-0.0001*A40^2+0.0196*A40+11.697),(-0.0001*A40^2+0.0196*A40+11.697)*0.062,_xll.RiskTruncateP(0.05,0.95),_xll.RiskName("DMI Cow"),_xll.RiskUnits("kg"))} -> #NAME? | G40: =F40*0.0243 -> #NAME? | H40: {=_xll.RiskNormal('SW7'!C$12,'SW7'!D$12,_xll.RiskTruncateP(0.05,0.95),_xll.RiskName("Water Intake Cow"),_xll.RiskUnits("L"))} -> #NAME? | I40: =F40*C40+G40*D40+H40*E40 -> #NAME? | J40: =I40*0.0213 -> #NAME? | K40: {=_xll.RiskNormal(-0.0000000257*A40^4+0.0000163*A40^3-0.003686*A40^2+0.3024*A40+1.445,(-0.0000000257*A40^4+0.0000163*A40^3-0.003686*A40^2+0.3024*A40+1.445)*0.355,_xll.RiskTruncateP(0.05,0.95),_xll.RiskName("Milk Intake"),_xll.RiskUnits("kg"))} -> #NAME? | M40: {=_xll.RiskNormal(0.0243*L40,0.005*L40,_xll.RiskTruncateP(0.05,0.95),_xll.RiskName("Soil Intake"),_xll.RiskUnits("kg"))} -> #NAME? | N40: =4*L40 -> 0 | O40: =J40*K40 -> #NAME? | P40: =C40*L40 -> #NAME? | Q40: =D40*M40 -> #NAME? | R40: =E40*N40 -> 0 | S40: =SUM(O40:R40) -> #NAME? | T40: {=U39-(U39*(0.5^(1/_xll.RiskNormal('SW7'!C$2,'SW7'!D$2,_xll.RiskTruncateP(0.05,0.95),_xll.RiskName("Halflife"),_xll.RiskUnits("d")))))} -> #NAME? | U40: =U39+S39-T39 -> #NAME? | V40: {=(U40*_xll.RiskNormal('SW7'!C$3,'SW7'!D$3,_xll.RiskTruncateP(0.05,0.95),_xll.RiskName("PFAS MUSCLE FRAC"))/(B40*_xll.RiskNormal('SW7'!C$4,'SW7'!E$4,_xll.RiskTruncateP(0.05,0.95),_xll.RiskName("MUSCLE BW FRAC"))))/1000} -> #NAME? | W40: {=V40/_xll.RiskNormal('SW7'!C$5,'SW7'!D$5,_xll.RiskTruncateP(0.05,0.95),_xll.RiskName("Serum Part"))} -> #NAME?
A41: =A40+1 -> 38 | B41: {=B40+_xll.RiskNormal(0.5584 + 2*0.001787*A41 -3*0.00000155*A41^2 - 4*0.00000000133*A41^3,0.35*(0.5584 + 2*0.001787*A41 -3*0.00000155*A41^2 - 4*0.00000000133*A41^3),_xll.RiskTruncateP(0.05,0.95),_xll.RiskName("BW Gain"),_xll.RiskUnits("kg"))} -> #NAME? | C41: {=_xll.RiskNormal(50,50*0.3941,_xll.RiskTruncateP(0.05,0.95),_xll.RiskName("Diet 1 Feed"),_xll.RiskUnits("ng/kg dry"))} -> #NAME? | D41: {=_xll.RiskNormal(550,550*0.282,_xll.RiskTruncateP(0.05,0.95),_xll.RiskName("Diet 1 Soil"),_xll.RiskUnits("ng/kg dry"))} -> #NAME? | E41: 1.3 | F41: {=_xll.RiskNormal((-0.0001*A41^2+0.0196*A41+11.697),(-0.0001*A41^2+0.0196*A41+11.697)*0.062,_xll.RiskTruncateP(0.05,0.95),_xll.RiskName("DMI Cow"),_xll.RiskUnits("kg"))} -> #NAME? | G41: =F41*0.0243 -> #NAME? | H41: {=_xll.RiskNormal('SW7'!C$12,'SW7'!D$12,_xll.RiskTruncateP(0.05,0.95),_xll.RiskName("Water Intake Cow"),_xll.RiskUnits("L"))} -> #NAME? | I41: =F41*C41+G41*D41+H41*E41 -> #NAME? | J41: =I41*0.0213 -> #NAME? | K41: {=_xll.RiskNormal(-0.0000000257*A41^4+0.0000163*A41^3-0.003686*A41^2+0.3024*A41+1.445,(-0.0000000257*A41^4+0.0000163*A41^3-0.003686*A41^2+0.3024*A41+1.445)*0.355,_xll.RiskTruncateP(0.05,0.95),_xll.RiskName("Milk Intake"),_xll.RiskUnits("kg"))} -> #NAME? | M41: {=_xll.RiskNormal(0.0243*L41,0.005*L41,_xll.RiskTruncateP(0.05,0.95),_xll.RiskName("Soil Intake"),_xll.RiskUnits("kg"))} -> #NAME? | N41: =4*L41 -> 0 | O41: =J41*K41 -> #NAME? | P41: =C41*L41 -> #NAME? | Q41: =D41*M41 -> #NAME? | R41: =E41*N41 -> 0 | S41: =SUM(O41:R41) -> #NAME? | T41: {=U40-(U40*(0.5^(1/_xll.RiskNormal('SW7'!C$2,'SW7'!D$2,_xll.RiskTruncateP(0.05,0.95),_xll.RiskName("Halflife"),_xll.RiskUnits("d")))))} -> #NAME? | U41: =U40+S40-T40 -> #NAME? | V41: {=(U41*_xll.RiskNormal('SW7'!C$3,'SW7'!D$3,_xll.RiskTruncateP(0.05,0.95),_xll.RiskName("PFAS MUSCLE FRAC"))/(B41*_xll.RiskNormal('SW7'!C$4,'SW7'!E$4,_xll.RiskTruncateP(0.05,0.95),_xll.RiskName("MUSCLE BW FRAC"))))/1000} -> #NAME? | W41: {=V41/_xll.RiskNormal('SW7'!C$5,'SW7'!D$5,_xll.RiskTruncateP(0.05,0.95),_xll.RiskName("Serum Part"))} -> #NAME?
A42: =A41+1 -> 39 | B42: {=B41+_xll.RiskNormal(0.5584 + 2*0.001787*A42 -3*0.00000155*A42^2 - 4*0.00000000133*A42^3,0.35*(0.5584 + 2*0.001787*A42 -3*0.00000155*A42^2 - 4*0.00000000133*A42^3),_xll.RiskTruncateP(0.05,0.95),_xll.RiskName("BW Gain"),_xll.RiskUnits("kg"))} -> #NAME? | C42: {=_xll.RiskNormal(50,50*0.3941,_xll.RiskTruncateP(0.05,0.95),_xll.RiskName("Diet 1 Feed"),_xll.RiskUnits("ng/kg dry"))} -> #NAME? | D42: {=_xll.RiskNormal(550,550*0.282,_xll.RiskTruncateP(0.05,0.95),_xll.RiskName("Diet 1 Soil"),_xll.RiskUnits("ng/kg dry"))} -> #NAME? | E42: 1.3 | F42: {=_xll.RiskNormal((-0.0001*A42^2+0.0196*A42+11.697),(-0.0001*A42^2+0.0196*A42+11.697)*0.062,_xll.RiskTruncateP(0.05,0.95),_xll.RiskName("DMI Cow"),_xll.RiskUnits("kg"))} -> #NAME? | G42: =F42*0.0243 -> #NAME? | H42: {=_xll.RiskNormal('SW7'!C$12,'SW7'!D$12,_xll.RiskTruncateP(0.05,0.95),_xll.RiskName("Water Intake Cow"),_xll.RiskUnits("L"))} -> #NAME? | I42: =F42*C42+G42*D42+H42*E42 -> #NAME? | J42: =I42*0.0213 -> #NAME? | K42: {=_xll.RiskNormal(-0.0000000257*A42^4+0.0000163*A42^3-0.003686*A42^2+0.3024*A42+1.445,(-0.0000000257*A42^4+0.0000163*A42^3-0.003686*A42^2+0.3024*A42+1.445)*0.355,_xll.RiskTruncateP(0.05,0.95),_xll.RiskName("Milk Intake"),_xll.RiskUnits("kg"))} -> #NAME? | M42: {=_xll.RiskNormal(0.0243*L42,0.005*L42,_xll.RiskTruncateP(0.05,0.95),_xll.RiskName("Soil Intake"),_xll.RiskUnits("kg"))} -> #NAME? | N42: =4*L42 -> 0 | O42: =J42*K42 -> #NAME? | P42: =C42*L42 -> #NAME? | Q42: =D42*M42 -> #NAME? | R42: =E42*N42 -> 0 | S42: =SUM(O42:R42) -> #NAME? | T42: {=U41-(U41*(0.5^(1/_xll.RiskNormal('SW7'!C$2,'SW7'!D$2,_xll.RiskTruncateP(0.05,0.95),_xll.RiskName("Halflife"),_xll.RiskUnits("d")))))} -> #NAME? | U42: =U41+S41-T41 -> #NAME? | V42: {=(U42*_xll.RiskNormal('SW7'!C$3,'SW7'!D$3,_xll.RiskTruncateP(0.05,0.95),_xll.RiskName("PFAS MUSCLE FRAC"))/(B42*_xll.RiskNormal('SW7'!C$4,'SW7'!E$4,_xll.RiskTruncateP(0.05,0.95),_xll.RiskName("MUSCLE BW FRAC"))))/1000} -> #NAME? | W42: {=V42/_xll.RiskNormal('SW7'!C$5,'SW7'!D$5,_xll.RiskTruncateP(0.05,0.95),_xll.RiskName("Serum Part"))} -> #NAME?
A43: =A42+1 -> 40 | B43: {=B42+_xll.RiskNormal(0.5584 + 2*0.001787*A43 -3*0.00000155*A43^2 - 4*0.00000000133*A43^3,0.35*(0.5584 + 2*0.001787*A43 -3*0.00000155*A43^2 - 4*0.00000000133*A43^3),_xll.RiskTruncateP(0.05,0.95),_xll.RiskName("BW Gain"),_xll.RiskUnits("kg"))} -> #NAME? | C43: {=_xll.RiskNormal(50,50*0.3941,_xll.RiskTruncateP(0.05,0.95),_xll.RiskName("Diet 1 Feed"),_xll.RiskUnits("ng/kg dry"))} -> #NAME? | D43: {=_xll.RiskNormal(550,550*0.282,_xll.RiskTruncateP(0.05,0.95),_xll.RiskName("Diet 1 Soil"),_xll.RiskUnits("ng/kg dry"))} -> #NAME? | E43: 1.3 | F43: {=_xll.RiskNormal((-0.0001*A43^2+0.0196*A43+11.697),(-0.0001*A43^2+0.0196*A43+11.697)*0.062,_xll.RiskTruncateP(0.05,0.95),_xll.RiskName("DMI Cow"),_xll.RiskUnits("kg"))} -> #NAME? | G43: =F43*0.0243 -> #NAME? | H43: {=_xll.RiskNormal('SW7'!C$12,'SW7'!D$12,_xll.RiskTruncateP(0.05,0.95),_xll.RiskName("Water Intake Cow"),_xll.RiskUnits("L"))} -> #NAME? | I43: =F43*C43+G43*D43+H43*E43 -> #NAME? | J43: =I43*0.0213 -> #NAME? | K43: {=_xll.RiskNormal(-0.0000000257*A43^4+0.0000163*A43^3-0.003686*A43^2+0.3024*A43+1.445,(-0.0000000257*A43^4+0.0000163*A43^3-0.003686*A43^2+0.3024*A43+1.445)*0.355,_xll.RiskTruncateP(0.05,0.95),_xll.RiskName("Milk Intake"),_xll.RiskUnits("kg"))} -> #NAME? | M43: {=_xll.RiskNormal(0.0243*L43,0.005*L43,_xll.RiskTruncateP(0.05,0.95),_xll.RiskName("Soil Intake"),_xll.RiskUnits("kg"))} -> #NAME? | N43: =4*L43 -> 0 | O43: =J43*K43 -> #NAME? | P43: =C43*L43 -> #NAME? | Q43: =D43*M43 -> #NAME? | R43: =E43*N43 -> 0 | S43: =SUM(O43:R43) -> #NAME? | T43: {=U42-(U42*(0.5^(1/_xll.RiskNormal('SW7'!C$2,'SW7'!D$2,_xll.RiskTruncateP(0.05,0.95),_xll.RiskName("Halflife"),_xll.RiskUnits("d")))))} -> #NAME? | U43: =U42+S42-T42 -> #NAME? | V43: {=(U43*_xll.RiskNormal('SW7'!C$3,'SW7'!D$3,_xll.RiskTruncateP(0.05,0.95),_xll.RiskName("PFAS MUSCLE FRAC"))/(B43*_xll.RiskNormal('SW7'!C$4,'SW7'!E$4,_xll.RiskTruncateP(0.05,0.95),_xll.RiskName("MUSCLE BW FRAC"))))/1000} -> #NAME? | W43: {=V43/_xll.RiskNormal('SW7'!C$5,'SW7'!D$5,_xll.RiskTruncateP(0.05,0.95),_xll.RiskName("Serum Part"))} -> #NAME?
A44: =A43+1 -> 41 | B44: {=B43+_xll.RiskNormal(0.5584 + 2*0.001787*A44 -3*0.00000155*A44^2 - 4*0.00000000133*A44^3,0.35*(0.5584 + 2*0.001787*A44 -3*0.00000155*A44^2 - 4*0.00000000133*A44^3),_xll.RiskTruncateP(0.05,0.95),_xll.RiskName("BW Gain"),_xll.RiskUnits("kg"))} -> #NAME? | C44: {=_xll.RiskNormal(50,50*0.3941,_xll.RiskTruncateP(0.05,0.95),_xll.RiskName("Diet 1 Feed"),_xll.RiskUnits("ng/kg dry"))} -> #NAME? | D44: {=_xll.RiskNormal(550,550*0.282,_xll.RiskTruncateP(0.05,0.95),_xll.RiskName("Diet 1 Soil"),_xll.RiskUnits("ng/kg dry"))} -> #NAME? | E44: 1.3 | F44: {=_xll.RiskNormal((-0.0001*A44^2+0.0196*A44+11.697),(-0.0001*A44^2+0.0196*A44+11.697)*0.062,_xll.RiskTruncateP(0.05,0.95),_xll.RiskName("DMI Cow"),_xll.RiskUnits("kg"))} -> #NAME? | G44: =F44*0.0243 -> #NAME? | H44: {=_xll.RiskNormal('SW7'!C$12,'SW7'!D$12,_xll.RiskTruncateP(0.05,0.95),_xll.RiskName("Water Intake Cow"),_xll.RiskUnits("L"))} -> #NAME? | I44: =F44*C44+G44*D44+H44*E44 -> #NAME? | J44: =I44*0.0213 -> #NAME? | K44: {=_xll.RiskNormal(-0.0000000257*A44^4+0.0000163*A44^3-0.003686*A44^2+0.3024*A44+1.445,(-0.0000000257*A44^4+0.0000163*A44^3-0.003686*A44^2+0.3024*A44+1.445)*0.355,_xll.RiskTruncateP(0.05,0.95),_xll.RiskName("Milk Intake"),_xll.RiskUnits("kg"))} -> #NAME? | M44: {=_xll.RiskNormal(0.0243*L44,0.005*L44,_xll.RiskTruncateP(0.05,0.95),_xll.RiskName("Soil Intake"),_xll.RiskUnits("kg"))} -> #NAME? | N44: =4*L44 -> 0 | O44: =J44*K44 -> #NAME? | P44: =C44*L44 -> #NAME? | Q44: =D44*M44 -> #NAME? | R44: =E44*N44 -> 0 | S44: =SUM(O44:R44) -> #NAME? | T44: {=U43-(U43*(0.5^(1/_xll.RiskNormal('SW7'!C$2,'SW7'!D$2,_xll.RiskTruncateP(0.05,0.95),_xll.RiskName("Halflife"),_xll.RiskUnits("d")))))} -> #NAME? | U44: =U43+S43-T43 -> #NAME? | V44: {=(U44*_xll.RiskNormal('SW7'!C$3,'SW7'!D$3,_xll.RiskTruncateP(0.05,0.95),_xll.RiskName("PFAS MUSCLE FRAC"))/(B44*_xll.RiskNormal('SW7'!C$4,'SW7'!E$4,_xll.RiskTruncateP(0.05,0.95),_xll.RiskName("MUSCLE BW FRAC"))))/1000} -> #NAME? | W44: {=V44/_xll.RiskNormal('SW7'!C$5,'SW7'!D$5,_xll.RiskTruncateP(0.05,0.95),_xll.RiskName("Serum Part"))} -> #NAME?
... A48: =A47+1 -> 45 | B48: {=B47+_xll.RiskNormal(0.5584 + 2*0.001787*A48 -3*0.00000155*A48^2 - 4*0.00000000133*A48^3,0.35*(0.5584 + 2*0.001787*A48 -3*0.00000155*A48^2 - 4*0.00000000133*A48^3),_xll.RiskTruncateP(0.05,0.95),_xll.RiskName("BW Gain"),_xll.RiskUnits("kg"))} -> #NAME? | C48: {=_xll.RiskNormal(50,50*0.3941,_xll.RiskTruncateP(0.05,0.95),_xll.RiskName("Diet 1 Feed"),_xll.RiskUnits("ng/kg dry"))} -> #NAME? | D48: {=_xll.RiskNormal(550,550*0.282,_xll.RiskTruncateP(0.05,0.95),_xll.RiskName("Diet 1 Soil"),_xll.RiskUnits("ng/kg dry"))} -> #NAME? | E48: 1.3 | F48: {=_xll.RiskNormal((-0.0001*A48^2+0.0196*A48+11.697),(-0.0001*A48^2+0.0196*A48+11.697)*0.062,_xll.RiskTruncateP(0.05,0.95),_xll.RiskName("DMI Cow"),_xll.RiskUnits("kg"))} -> #NAME? | G48: =F48*0.0243 -> #NAME? | H48: {=_xll.RiskNormal('SW7'!C$12,'SW7'!D$12,_xll.RiskTruncateP(0.05,0.95),_xll.RiskName("Water Intake Cow"),_xll.RiskUnits("L"))} -> #NAME? | I48: =F48*C48+G48*D48+H48*E48 -> #NAME? | J48: =I48*0.0213 -> #NAME? | K48: {=_xll.RiskNormal(-0.0000000257*A48^4+0.0000163*A48^3-0.003686*A48^2+0.3024*A48+1.445,(-0.0000000257*A48^4+0.0000163*A48^3-0.003686*A48^2+0.3024*A48+1.445)*0.355,_xll.RiskTruncateP(0.05,0.95),_xll.RiskName("Milk Intake"),_xll.RiskUnits("kg"))} -> #NAME? | M48: {=_xll.RiskNormal(0.0243*L48,0.005*L48,_xll.RiskTruncateP(0.05,0.95),_xll.RiskName("Soil Intake"),_xll.RiskUnits("kg"))} -> #NAME? | N48: =4*L48 -> 0 | O48: =J48*K48 -> #NAME? | P48: =C48*L48 -> #NAME? | Q48: =D48*M48 -> #NAME? | R48: =E48*N48 -> 0 | S48: =SUM(O48:R48) -> #NAME? | T48: {=U47-(U47*(0.5^(1/_xll.RiskNormal('SW7'!C$2,'SW7'!D$2,_xll.RiskTruncateP(0.05,0.95),_xll.RiskName("Halflife"),_xll.RiskUnits("d")))))} -> #NAME? | U48: =U47+S47-T47 -> #NAME? | V48: {=(U48*_xll.RiskNormal('SW7'!C$3,'SW7'!D$3,_xll.RiskTruncateP(0.05,0.95),_xll.RiskName("PFAS MUSCLE FRAC"))/(B48*_xll.RiskNormal('SW7'!C$4,'SW7'!E$4,_xll.RiskTruncateP(0.05,0.95),_xll.RiskName("MUSCLE BW FRAC"))))/1000} -> #NAME? | W48: {=V48/_xll.RiskNormal('SW7'!C$5,'SW7'!D$5,_xll.RiskTruncateP(0.05,0.95),_xll.RiskName("Serum Part"))} -> #NAME?
A49: =A48+1 -> 46 | B49: {=B48+_xll.RiskNormal(0.5584 + 2*0.001787*A49 -3*0.00000155*A49^2 - 4*0.00000000133*A49^3,0.35*(0.5584 + 2*0.001787*A49 -3*0.00000155*A49^2 - 4*0.00000000133*A49^3),_xll.RiskTruncateP(0.05,0.95),_xll.RiskName("BW Gain"),_xll.RiskUnits("kg"))} -> #NAME? | C49: {=_xll.RiskNormal(30,30*0.3941,_xll.RiskTruncateP(0.05,0.95),_xll.RiskName("Diet 2 Feed"),_xll.RiskUnits("ng/kg dry"))} -> #NAME? | D49: {=_xll.RiskNormal(310,310*0.282,_xll.RiskTruncateP(0.05,0.95),_xll.RiskName("Diet 2 Soil"),_xll.RiskUnits("ng/kg dry"))} -> #NAME? | E49: 1.3 | F49: {=_xll.RiskNormal((-0.0001*A49^2+0.0196*A49+11.697),(-0.0001*A49^2+0.0196*A49+11.697)*0.062,_xll.RiskTruncateP(0.05,0.95),_xll.RiskName("DMI Cow"),_xll.RiskUnits("kg"))} -> #NAME? | G49: =F49*0.0243 -> #NAME? | H49: {=_xll.RiskNormal('SW7'!C$12,'SW7'!D$12,_xll.RiskTruncateP(0.05,0.95),_xll.RiskName("Water Intake Cow"),_xll.RiskUnits("L"))} -> #NAME? | I49: =F49*C49+G49*D49+H49*E49 -> #NAME? | J49: =I49*0.0213 -> #NAME? | K49: {=_xll.RiskNormal(-0.0000000257*A49^4+0.0000163*A49^3-0.003686*A49^2+0.3024*A49+1.445,(-0.0000000257*A49^4+0.0000163*A49^3-0.003686*A49^2+0.3024*A49+1.445)*0.355,_xll.RiskTruncateP(0.05,0.95),_xll.RiskName("Milk Intake"),_xll.RiskUnits("kg"))} -> #NAME? | M49: {=_xll.RiskNormal(0.0243*L49,0.005*L49,_xll.RiskTruncateP(0.05,0.95),_xll.RiskName("Soil Intake"),_xll.RiskUnits("kg"))} -> #NAME? | N49: =4*L49 -> 0 | O49: =J49*K49 -> #NAME? | P49: =C49*L49 -> #NAME? | Q49: =D49*M49 -> #NAME? | R49: =E49*N49 -> 0 | S49: =SUM(O49:R49) -> #NAME? | T49: {=U48-(U48*(0.5^(1/_xll.RiskNormal('SW7'!C$2,'SW7'!D$2,_xll.RiskTruncateP(0.05,0.95),_xll.RiskName("Halflife"),_xll.RiskUnits("d")))))} -> #NAME? | U49: =U48+S48-T48 -> #NAME? | V49: {=(U49*_xll.RiskNormal('SW7'!C$3,'SW7'!D$3,_xll.RiskTruncateP(0.05,0.95),_xll.RiskName("PFAS MUSCLE FRAC"))/(B49*_xll.RiskNormal('SW7'!C$4,'SW7'!E$4,_xll.RiskTruncateP(0.05,0.95),_xll.RiskName("MUSCLE BW FRAC"))))/1000} -> #NAME? | W49: {=V49/_xll.RiskNormal('SW7'!C$5,'SW7'!D$5,_xll.RiskTruncateP(0.05,0.95),_xll.RiskName("Serum Part"))} -> #NAME?
A50: =A49+1 -> 47 | B50: {=B49+_xll.RiskNormal(0.5584 + 2*0.001787*A50 -3*0.00000155*A50^2 - 4*0.00000000133*A50^3,0.35*(0.5584 + 2*0.001787*A50 -3*0.00000155*A50^2 - 4*0.00000000133*A50^3),_xll.RiskTruncateP(0.05,0.95),_xll.RiskName("BW Gain"),_xll.RiskUnits("kg"))} -> #NAME? | C50: {=_xll.RiskNormal(30,30*0.3941,_xll.RiskTruncateP(0.05,0.95),_xll.RiskName("Diet 2 Feed"),_xll.RiskUnits("ng/kg dry"))} -> #NAME? | D50: {=_xll.RiskNormal(310,310*0.282,_xll.RiskTruncateP(0.05,0.95),_xll.RiskName("Diet 2 Soil"),_xll.RiskUnits("ng/kg dry"))} -> #NAME? | E50: 1.3 | F50: {=_xll.RiskNormal((-0.0001*A50^2+0.0196*A50+11.697),(-0.0001*A50^2+0.0196*A50+11.697)*0.062,_xll.RiskTruncateP(0.05,0.95),_xll.RiskName("DMI Cow"),_xll.RiskUnits("kg"))} -> #NAME? | G50: =F50*0.0243 -> #NAME? | H50: {=_xll.RiskNormal('SW7'!C$12,'SW7'!D$12,_xll.RiskTruncateP(0.05,0.95),_xll.RiskName("Water Intake Cow"),_xll.RiskUnits("L"))} -> #NAME? | I50: =F50*C50+G50*D50+H50*E50 -> #NAME? | J50: =I50*0.0213 -> #NAME? | K50: {=_xll.RiskNormal(-0.0000000257*A50^4+0.0000163*A50^3-0.003686*A50^2+0.3024*A50+1.445,(-0.0000000257*A50^4+0.0000163*A50^3-0.003686*A50^2+0.3024*A50+1.445)*0.355,_xll.RiskTruncateP(0.05,0.95),_xll.RiskName("Milk Intake"),_xll.RiskUnits("kg"))} -> #NAME? | M50: {=_xll.RiskNormal(0.0243*L50,0.005*L50,_xll.RiskTruncateP(0.05,0.95),_xll.RiskName("Soil Intake"),_xll.RiskUnits("kg"))} -> #NAME? | N50: =4*L50 -> 0 | O50: =J50*K50 -> #NAME? | P50: =C50*L50 -> #NAME? | Q50: =D50*M50 -> #NAME? | R50: =E50*N50 -> 0 | S50: =SUM(O50:R50) -> #NAME? | T50: {=U49-(U49*(0.5^(1/_xll.RiskNormal('SW7'!C$2,'SW7'!D$2,_xll.RiskTruncateP(0.05,0.95),_xll.RiskName("Halflife"),_xll.RiskUnits("d")))))} -> #NAME? | U50: =U49+S49-T49 -> #NAME? | V50: {=(U50*_xll.RiskNormal('SW7'!C$3,'SW7'!D$3,_xll.RiskTruncateP(0.05,0.95),_xll.RiskName("PFAS MUSCLE FRAC"))/(B50*_xll.RiskNormal('SW7'!C$4,'SW7'!E$4,_xll.RiskTruncateP(0.05,0.95),_xll.RiskName("MUSCLE BW FRAC"))))/1000} -> #NAME? | W50: {=V50/_xll.RiskNormal('SW7'!C$5,'SW7'!D$5,_xll.RiskTruncateP(0.05,0.95),_xll.RiskName("Serum Part"))} -> #NAME?
A51: =A50+1 -> 48 | B51: {=B50+_xll.RiskNormal(0.5584 + 2*0.001787*A51 -3*0.00000155*A51^2 - 4*0.00000000133*A51^3,0.35*(0.5584 + 2*0.001787*A51 -3*0.00000155*A51^2 - 4*0.00000000133*A51^3),_xll.RiskTruncateP(0.05,0.95),_xll.RiskName("BW Gain"),_xll.RiskUnits("kg"))} -> #NAME? | C51: {=_xll.RiskNormal(30,30*0.3941,_xll.RiskTruncateP(0.05,0.95),_xll.RiskName("Diet 2 Feed"),_xll.RiskUnits("ng/kg dry"))} -> #NAME? | D51: {=_xll.RiskNormal(310,310*0.282,_xll.RiskTruncateP(0.05,0.95),_xll.RiskName("Diet 2 Soil"),_xll.RiskUnits("ng/kg dry"))} -> #NAME? | E51: 1.3 | F51: {=_xll.RiskNormal((-0.0001*A51^2+0.0196*A51+11.697),(-0.0001*A51^2+0.0196*A51+11.697)*0.062,_xll.RiskTruncateP(0.05,0.95),_xll.RiskName("DMI Cow"),_xll.RiskUnits("kg"))} -> #NAME? | G51: =F51*0.0243 -> #NAME? | H51: {=_xll.RiskNormal('SW7'!C$12,'SW7'!D$12,_xll.RiskTruncateP(0.05,0.95),_xll.RiskName("Water Intake Cow"),_xll.RiskUnits("L"))} -> #NAME? | I51: =F51*C51+G51*D51+H51*E51 -> #NAME? | J51: =I51*0.0213 -> #NAME? | K51: {=_xll.RiskNormal(-0.0000000257*A51^4+0.0000163*A51^3-0.003686*A51^2+0.3024*A51+1.445,(-0.0000000257*A51^4+0.0000163*A51^3-0.003686*A51^2+0.3024*A51+1.445)*0.355,_xll.RiskTruncateP(0.05,0.95),_xll.RiskName("Milk Intake"),_xll.RiskUnits("kg"))} -> #NAME? | M51: {=_xll.RiskNormal(0.0243*L51,0.005*L51,_xll.RiskTruncateP(0.05,0.95),_xll.RiskName("Soil Intake"),_xll.RiskUnits("kg"))} -> #NAME? | N51: =4*L51 -> 0 | O51: =J51*K51 -> #NAME? | P51: =C51*L51 -> #NAME? | Q51: =D51*M51 -> #NAME? | R51: =E51*N51 -> 0 | S51: =SUM(O51:R51) -> #NAME? | T51: {=U50-(U50*(0.5^(1/_xll.RiskNormal('SW7'!C$2,'SW7'!D$2,_xll.RiskTruncateP(0.05,0.95),_xll.RiskName("Halflife"),_xll.RiskUnits("d")))))} -> #NAME? | U51: =U50+S50-T50 -> #NAME? | V51: {=(U51*_xll.RiskNormal('SW7'!C$3,'SW7'!D$3,_xll.RiskTruncateP(0.05,0.95),_xll.RiskName("PFAS MUSCLE FRAC"))/(B51*_xll.RiskNormal('SW7'!C$4,'SW7'!E$4,_xll.RiskTruncateP(0.05,0.95),_xll.RiskName("MUSCLE BW FRAC"))))/1000} -> #NAME? | W51: {=V51/_xll.RiskNormal('SW7'!C$5,'SW7'!D$5,_xll.RiskTruncateP(0.05,0.95),_xll.RiskName("Serum Part"))} -> #NAME?
A52: =A51+1 -> 49 | B52: {=B51+_xll.RiskNormal(0.5584 + 2*0.001787*A52 -3*0.00000155*A52^2 - 4*0.00000000133*A52^3,0.35*(0.5584 + 2*0.001787*A52 -3*0.00000155*A52^2 - 4*0.00000000133*A52^3),_xll.RiskTruncateP(0.05,0.95),_xll.RiskName("BW Gain"),_xll.RiskUnits("kg"))} -> #NAME? | C52: {=_xll.RiskNormal(30,30*0.3941,_xll.RiskTruncateP(0.05,0.95),_xll.RiskName("Diet 2 Feed"),_xll.RiskUnits("ng/kg dry"))} -> #NAME? | D52: {=_xll.RiskNormal(310,310*0.282,_xll.RiskTruncateP(0.05,0.95),_xll.RiskName("Diet 2 Soil"),_xll.RiskUnits("ng/kg dry"))} -> #NAME? | E52: 1.3 | F52: {=_xll.RiskNormal((-0.0001*A52^2+0.0196*A52+11.697),(-0.0001*A52^2+0.0196*A52+11.697)*0.062,_xll.RiskTruncateP(0.05,0.95),_xll.RiskName("DMI Cow"),_xll.RiskUnits("kg"))} -> #NAME? | G52: =F52*0.0243 -> #NAME? | H52: {=_xll.RiskNormal('SW7'!C$12,'SW7'!D$12,_xll.RiskTruncateP(0.05,0.95),_xll.RiskName("Water Intake Cow"),_xll.RiskUnits("L"))} -> #NAME? | I52: =F52*C52+G52*D52+H52*E52 -> #NAME? | J52: =I52*0.0213 -> #NAME? | K52: {=_xll.RiskNormal(-0.0000000257*A52^4+0.0000163*A52^3-0.003686*A52^2+0.3024*A52+1.445,(-0.0000000257*A52^4+0.0000163*A52^3-0.003686*A52^2+0.3024*A52+1.445)*0.355,_xll.RiskTruncateP(0.05,0.95),_xll.RiskName("Milk Intake"),_xll.RiskUnits("kg"))} -> #NAME? | M52: {=_xll.RiskNormal(0.0243*L52,0.005*L52,_xll.RiskTruncateP(0.05,0.95),_xll.RiskName("Soil Intake"),_xll.RiskUnits("kg"))} -> #NAME? | N52: =4*L52 -> 0 | O52: =J52*K52 -> #NAME? | P52: =C52*L52 -> #NAME? | Q52: =D52*M52 -> #NAME? | R52: =E52*N52 -> 0 | S52: =SUM(O52:R52) -> #NAME? | T52: {=U51-(U51*(0.5^(1/_xll.RiskNormal('SW7'!C$2,'SW7'!D$2,_xll.RiskTruncateP(0.05,0.95),_xll.RiskName("Halflife"),_xll.RiskUnits("d")))))} -> #NAME? | U52: =U51+S51-T51 -> #NAME? | V52: {=(U52*_xll.RiskNormal('SW7'!C$3,'SW7'!D$3,_xll.RiskTruncateP(0.05,0.95),_xll.RiskName("PFAS MUSCLE FRAC"))/(B52*_xll.RiskNormal('SW7'!C$4,'SW7'!E$4,_xll.RiskTruncateP(0.05,0.95),_xll.RiskName("MUSCLE BW FRAC"))))/1000} -> #NAME? | W52: {=V52/_xll.RiskNormal('SW7'!C$5,'SW7'!D$5,_xll.RiskTruncateP(0.05,0.95),_xll.RiskName("Serum Part"))} -> #NAME?
A53: =A52+1 -> 50 | B53: {=B52+_xll.RiskNormal(0.5584 + 2*0.001787*A53 -3*0.00000155*A53^2 - 4*0.00000000133*A53^3,0.35*(0.5584 + 2*0.001787*A53 -3*0.00000155*A53^2 - 4*0.00000000133*A53^3),_xll.RiskTruncateP(0.05,0.95),_xll.RiskName("BW Gain"),_xll.RiskUnits("kg"))} -> #NAME? | C53: {=_xll.RiskNormal(30,30*0.3941,_xll.RiskTruncateP(0.05,0.95),_xll.RiskName("Diet 2 Feed"),_xll.RiskUnits("ng/kg dry"))} -> #NAME? | D53: {=_xll.RiskNormal(310,310*0.282,_xll.RiskTruncateP(0.05,0.95),_xll.RiskName("Diet 2 Soil"),_xll.RiskUnits("ng/kg dry"))} -> #NAME? | E53: 1.3 | F53: {=_xll.RiskNormal((-0.0001*A53^2+0.0196*A53+11.697),(-0.0001*A53^2+0.0196*A53+11.697)*0.062,_xll.RiskTruncateP(0.05,0.95),_xll.RiskName("DMI Cow"),_xll.RiskUnits("kg"))} -> #NAME? | G53: =F53*0.0243 -> #NAME? | H53: {=_xll.RiskNormal('SW7'!C$12,'SW7'!D$12,_xll.RiskTruncateP(0.05,0.95),_xll.RiskName("Water Intake Cow"),_xll.RiskUnits("L"))} -> #NAME? | I53: =F53*C53+G53*D53+H53*E53 -> #NAME? | J53: =I53*0.0213 -> #NAME? | K53: {=_xll.RiskNormal(-0.0000000257*A53^4+0.0000163*A53^3-0.003686*A53^2+0.3024*A53+1.445,(-0.0000000257*A53^4+0.0000163*A53^3-0.003686*A53^2+0.3024*A53+1.445)*0.355,_xll.RiskTruncateP(0.05,0.95),_xll.RiskName("Milk Intake"),_xll.RiskUnits("kg"))} -> #NAME? | M53: {=_xll.RiskNormal(0.0243*L53,0.005*L53,_xll.RiskTruncateP(0.05,0.95),_xll.RiskName("Soil Intake"),_xll.RiskUnits("kg"))} -> #NAME? | N53: =4*L53 -> 0 | O53: =J53*K53 -> #NAME? | P53: =C53*L53 -> #NAME? | Q53: =D53*M53 -> #NAME? | R53: =E53*N53 -> 0 | S53: =SUM(O53:R53) -> #NAME? | T53: {=U52-(U52*(0.5^(1/_xll.RiskNormal('SW7'!C$2,'SW7'!D$2,_xll.RiskTruncateP(0.05,0.95),_xll.RiskName("Halflife"),_xll.RiskUnits("d")))))} -> #NAME? | U53: =U52+S52-T52 -> #NAME? | V53: {=(U53*_xll.RiskNormal('SW7'!C$3,'SW7'!D$3,_xll.RiskTruncateP(0.05,0.95),_xll.RiskName("PFAS MUSCLE FRAC"))/(B53*_xll.RiskNormal('SW7'!C$4,'SW7'!E$4,_xll.RiskTruncateP(0.05,0.95),_xll.RiskName("MUSCLE BW FRAC"))))/1000} -> #NAME? | W53: {=V53/_xll.RiskNormal('SW7'!C$5,'SW7'!D$5,_xll.RiskTruncateP(0.05,0.95),_xll.RiskName("Serum Part"))} -> #NAME?
A54: =A53+1 -> 51 | B54: {=B53+_xll.RiskNormal(0.5584 + 2*0.001787*A54 -3*0.00000155*A54^2 - 4*0.00000000133*A54^3,0.35*(0.5584 + 2*0.001787*A54 -3*0.00000155*A54^2 - 4*0.00000000133*A54^3),_xll.RiskTruncateP(0.05,0.95),_xll.RiskName("BW Gain"),_xll.RiskUnits("kg"))} -> #NAME? | C54: {=_xll.RiskNormal(30,30*0.3941,_xll.RiskTruncateP(0.05,0.95),_xll.RiskName("Diet 2 Feed"),_xll.RiskUnits("ng/kg dry"))} -> #NAME? | D54: {=_xll.RiskNormal(310,310*0.282,_xll.RiskTruncateP(0.05,0.95),_xll.RiskName("Diet 2 Soil"),_xll.RiskUnits("ng/kg dry"))} -> #NAME? | E54: 1.3 | F54: {=_xll.RiskNormal((-0.0001*A54^2+0.0196*A54+11.697),(-0.0001*A54^2+0.0196*A54+11.697)*0.062,_xll.RiskTruncateP(0.05,0.95),_xll.RiskName("DMI Cow"),_xll.RiskUnits("kg"))} -> #NAME? | G54: =F54*0.0243 -> #NAME? | H54: {=_xll.RiskNormal('SW7'!C$12,'SW7'!D$12,_xll.RiskTruncateP(0.05,0.95),_xll.RiskName("Water Intake Cow"),_xll.RiskUnits("L"))} -> #NAME? | I54: =F54*C54+G54*D54+H54*E54 -> #NAME? | J54: =I54*0.0213 -> #NAME? | K54: {=_xll.RiskNormal(-0.0000000257*A54^4+0.0000163*A54^3-0.003686*A54^2+0.3024*A54+1.445,(-0.0000000257*A54^4+0.0000163*A54^3-0.003686*A54^2+0.3024*A54+1.445)*0.355,_xll.RiskTruncateP(0.05,0.95),_xll.RiskName("Milk Intake"),_xll.RiskUnits("kg"))} -> #NAME? | M54: {=_xll.RiskNormal(0.0243*L54,0.005*L54,_xll.RiskTruncateP(0.05,0.95),_xll.RiskName("Soil Intake"),_xll.RiskUnits("kg"))} -> #NAME? | N54: =4*L54 -> 0 | O54: =J54*K54 -> #NAME? | P54: =C54*L54 -> #NAME? | Q54: =D54*M54 -> #NAME? | R54: =E54*N54 -> 0 | S54: =SUM(O54:R54) -> #NAME? | T54: {=U53-(U53*(0.5^(1/_xll.RiskNormal('SW7'!C$2,'SW7'!D$2,_xll.RiskTruncateP(0.05,0.95),_xll.RiskName("Halflife"),_xll.RiskUnits("d")))))} -> #NAME? | U54: =U53+S53-T53 -> #NAME? | V54: {=(U54*_xll.RiskNormal('SW7'!C$3,'SW7'!D$3,_xll.RiskTruncateP(0.05,0.95),_xll.RiskName("PFAS MUSCLE FRAC"))/(B54*_xll.RiskNormal('SW7'!C$4,'SW7'!E$4,_xll.RiskTruncateP(0.05,0.95),_xll.RiskName("MUSCLE BW FRAC"))))/1000} -> #NAME? | W54: {=V54/_xll.RiskNormal('SW7'!C$5,'SW7'!D$5,_xll.RiskTruncateP(0.05,0.95),_xll.RiskName("Serum Part"))} -> #NAME?
A55: =A54+1 -> 52 | B55: {=B54+_xll.RiskNormal(0.5584 + 2*0.001787*A55 -3*0.00000155*A55^2 - 4*0.00000000133*A55^3,0.35*(0.5584 + 2*0.001787*A55 -3*0.00000155*A55^2 - 4*0.00000000133*A55^3),_xll.RiskTruncateP(0.05,0.95),_xll.RiskName("BW Gain"),_xll.RiskUnits("kg"))} -> #NAME? | C55: {=_xll.RiskNormal(30,30*0.3941,_xll.RiskTruncateP(0.05,0.95),_xll.RiskName("Diet 2 Feed"),_xll.RiskUnits("ng/kg dry"))} -> #NAME? | D55: {=_xll.RiskNormal(310,310*0.282,_xll.RiskTruncateP(0.05,0.95),_xll.RiskName("Diet 2 Soil"),_xll.RiskUnits("ng/kg dry"))} -> #NAME? | E55: 1.3 | F55: {=_xll.RiskNormal((-0.0001*A55^2+0.0196*A55+11.697),(-0.0001*A55^2+0.0196*A55+11.697)*0.062,_xll.RiskTruncateP(0.05,0.95),_xll.RiskName("DMI Cow"),_xll.RiskUnits("kg"))} -> #NAME? | G55: =F55*0.0243 -> #NAME? | H55: {=_xll.RiskNormal('SW7'!C$12,'SW7'!D$12,_xll.RiskTruncateP(0.05,0.95),_xll.RiskName("Water Intake Cow"),_xll.RiskUnits("L"))} -> #NAME? | I55: =F55*C55+G55*D55+H55*E55 -> #NAME? | J55: =I55*0.0213 -> #NAME? | K55: {=_xll.RiskNormal(-0.0000000257*A55^4+0.0000163*A55^3-0.003686*A55^2+0.3024*A55+1.445,(-0.0000000257*A55^4+0.0000163*A55^3-0.003686*A55^2+0.3024*A55+1.445)*0.355,_xll.RiskTruncateP(0.05,0.95),_xll.RiskName("Milk Intake"),_xll.RiskUnits("kg"))} -> #NAME? | M55: {=_xll.RiskNormal(0.0243*L55,0.005*L55,_xll.RiskTruncateP(0.05,0.95),_xll.RiskName("Soil Intake"),_xll.RiskUnits("kg"))} -> #NAME? | N55: =4*L55 -> 0 | O55: =J55*K55 -> #NAME? | P55: =C55*L55 -> #NAME? | Q55: =D55*M55 -> #NAME? | R55: =E55*N55 -> 0 | S55: =SUM(O55:R55) -> #NAME? | T55: {=U54-(U54*(0.5^(1/_xll.RiskNormal('SW7'!C$2,'SW7'!D$2,_xll.RiskTruncateP(0.05,0.95),_xll.RiskName("Halflife"),_xll.RiskUnits("d")))))} -> #NAME? | U55: =U54+S54-T54 -> #NAME? | V55: {=(U55*_xll.RiskNormal('SW7'!C$3,'SW7'!D$3,_xll.RiskTruncateP(0.05,0.95),_xll.RiskName("PFAS MUSCLE FRAC"))/(B55*_xll.RiskNormal('SW7'!C$4,'SW7'!E$4,_xll.RiskTruncateP(0.05,0.95),_xll.RiskName("MUSCLE BW FRAC"))))/1000} -> #NAME? | W55: {=V55/_xll.RiskNormal('SW7'!C$5,'SW7'!D$5,_xll.RiskTruncateP(0.05,0.95),_xll.RiskName("Serum Part"))} -> #NAME?
A56: =A55+1 -> 53 | B56: {=B55+_xll.RiskNormal(0.5584 + 2*0.001787*A56 -3*0.00000155*A56^2 - 4*0.00000000133*A56^3,0.35*(0.5584 + 2*0.001787*A56 -3*0.00000155*A56^2 - 4*0.00000000133*A56^3),_xll.RiskTruncateP(0.05,0.95),_xll.RiskName("BW Gain"),_xll.RiskUnits("kg"))} -> #NAME? | C56: {=_xll.RiskNormal(30,30*0.3941,_xll.RiskTruncateP(0.05,0.95),_xll.RiskName("Diet 2 Feed"),_xll.RiskUnits("ng/kg dry"))} -> #NAME? | D56: {=_xll.RiskNormal(310,310*0.282,_xll.RiskTruncateP(0.05,0.95),_xll.RiskName("Diet 2 Soil"),_xll.RiskUnits("ng/kg dry"))} -> #NAME? | E56: 1.3 | F56: {=_xll.RiskNormal((-0.0001*A56^2+0.0196*A56+11.697),(-0.0001*A56^2+0.0196*A56+11.697)*0.062,_xll.RiskTruncateP(0.05,0.95),_xll.RiskName("DMI Cow"),_xll.RiskUnits("kg"))} -> #NAME? | G56: =F56*0.0243 -> #NAME? | H56: {=_xll.RiskNormal('SW7'!C$12,'SW7'!D$12,_xll.RiskTruncateP(0.05,0.95),_xll.RiskName("Water Intake Cow"),_xll.RiskUnits("L"))} -> #NAME? | I56: =F56*C56+G56*D56+H56*E56 -> #NAME? | J56: =I56*0.0213 -> #NAME? | K56: {=_xll.RiskNormal(-0.0000000257*A56^4+0.0000163*A56^3-0.003686*A56^2+0.3024*A56+1.445,(-0.0000000257*A56^4+0.0000163*A56^3-0.003686*A56^2+0.3024*A56+1.445)*0.355,_xll.RiskTruncateP(0.05,0.95),_xll.RiskName("Milk Intake"),_xll.RiskUnits("kg"))} -> #NAME? | M56: {=_xll.RiskNormal(0.0243*L56,0.005*L56,_xll.RiskTruncateP(0.05,0.95),_xll.RiskName("Soil Intake"),_xll.RiskUnits("kg"))} -> #NAME? | N56: =4*L56 -> 0 | O56: =J56*K56 -> #NAME? | P56: =C56*L56 -> #NAME? | Q56: =D56*M56 -> #NAME? | R56: =E56*N56 -> 0 | S56: =SUM(O56:R56) -> #NAME? | T56: {=U55-(U55*(0.5^(1/_xll.RiskNormal('SW7'!C$2,'SW7'!D$2,_xll.RiskTruncateP(0.05,0.95),_xll.RiskName("Halflife"),_xll.RiskUnits("d")))))} -> #NAME? | U56: =U55+S55-T55 -> #NAME? | V56: {=(U56*_xll.RiskNormal('SW7'!C$3,'SW7'!D$3,_xll.RiskTruncateP(0.05,0.95),_xll.RiskName("PFAS MUSCLE FRAC"))/(B56*_xll.RiskNormal('SW7'!C$4,'SW7'!E$4,_xll.RiskTruncateP(0.05,0.95),_xll.RiskName("MUSCLE BW FRAC"))))/1000} -> #NAME? | W56: {=V56/_xll.RiskNormal('SW7'!C$5,'SW7'!D$5,_xll.RiskTruncateP(0.05,0.95),_xll.RiskName("Serum Part"))} -> #NAME?
A57: =A56+1 -> 54 | B57: {=B56+_xll.RiskNormal(0.5584 + 2*0.001787*A57 -3*0.00000155*A57^2 - 4*0.00000000133*A57^3,0.35*(0.5584 + 2*0.001787*A57 -3*0.00000155*A57^2 - 4*0.00000000133*A57^3),_xll.RiskTruncateP(0.05,0.95),_xll.RiskName("BW Gain"),_xll.RiskUnits("kg"))} -> #NAME? | C57: {=_xll.RiskNormal(30,30*0.3941,_xll.RiskTruncateP(0.05,0.95),_xll.RiskName("Diet 2 Feed"),_xll.RiskUnits("ng/kg dry"))} -> #NAME? | D57: {=_xll.RiskNormal(310,310*0.282,_xll.RiskTruncateP(0.05,0.95),_xll.RiskName("Diet 2 Soil"),_xll.RiskUnits("ng/kg dry"))} -> #NAME? | E57: 1.3 | F57: {=_xll.RiskNormal((-0.0001*A57^2+0.0196*A57+11.697),(-0.0001*A57^2+0.0196*A57+11.697)*0.062,_xll.RiskTruncateP(0.05,0.95),_xll.RiskName("DMI Cow"),_xll.RiskUnits("kg"))} -> #NAME? | G57: =F57*0.0243 -> #NAME? | H57: {=_xll.RiskNormal('SW7'!C$12,'SW7'!D$12,_xll.RiskTruncateP(0.05,0.95),_xll.RiskName("Water Intake Cow"),_xll.RiskUnits("L"))} -> #NAME? | I57: =F57*C57+G57*D57+H57*E57 -> #NAME? | J57: =I57*0.0213 -> #NAME? | K57: {=_xll.RiskNormal(-0.0000000257*A57^4+0.0000163*A57^3-0.003686*A57^2+0.3024*A57+1.445,(-0.0000000257*A57^4+0.0000163*A57^3-0.003686*A57^2+0.3024*A57+1.445)*0.355,_xll.RiskTruncateP(0.05,0.95),_xll.RiskName("Milk Intake"),_xll.RiskUnits("kg"))} -> #NAME? | M57: {=_xll.RiskNormal(0.0243*L57,0.005*L57,_xll.RiskTruncateP(0.05,0.95),_xll.RiskName("Soil Intake"),_xll.RiskUnits("kg"))} -> #NAME? | N57: =4*L57 -> 0 | O57: =J57*K57 -> #NAME? | P57: =C57*L57 -> #NAME? | Q57: =D57*M57 -> #NAME? | R57: =E57*N57 -> 0 | S57: =SUM(O57:R57) -> #NAME? | T57: {=U56-(U56*(0.5^(1/_xll.RiskNormal('SW7'!C$2,'SW7'!D$2,_xll.RiskTruncateP(0.05,0.95),_xll.RiskName("Halflife"),_xll.RiskUnits("d")))))} -> #NAME? | U57: =U56+S56-T56 -> #NAME? | V57: {=(U57*_xll.RiskNormal('SW7'!C$3,'SW7'!D$3,_xll.RiskTruncateP(0.05,0.95),_xll.RiskName("PFAS MUSCLE FRAC"))/(B57*_xll.RiskNormal('SW7'!C$4,'SW7'!E$4,_xll.RiskTruncateP(0.05,0.95),_xll.RiskName("MUSCLE BW FRAC"))))/1000} -> #NAME? | W57: {=V57/_xll.RiskNormal('SW7'!C$5,'SW7'!D$5,_xll.RiskTruncateP(0.05,0.95),_xll.RiskName("Serum Part"))} -> #NAME?
A58: =A57+1 -> 55 | B58: {=B57+_xll.RiskNormal(0.5584 + 2*0.001787*A58 -3*0.00000155*A58^2 - 4*0.00000000133*A58^3,0.35*(0.5584 + 2*0.001787*A58 -3*0.00000155*A58^2 - 4*0.00000000133*A58^3),_xll.RiskTruncateP(0.05,0.95),_xll.RiskName("BW Gain"),_xll.RiskUnits("kg"))} -> #NAME? | C58: {=_xll.RiskNormal(30,30*0.3941,_xll.RiskTruncateP(0.05,0.95),_xll.RiskName("Diet 2 Feed"),_xll.RiskUnits("ng/kg dry"))} -> #NAME? | D58: {=_xll.RiskNormal(310,310*0.282,_xll.RiskTruncateP(0.05,0.95),_xll.RiskName("Diet 2 Soil"),_xll.RiskUnits("ng/kg dry"))} -> #NAME? | E58: 1.3 | F58: {=_xll.RiskNormal((-0.0001*A58^2+0.0196*A58+11.697),(-0.0001*A58^2+0.0196*A58+11.697)*0.062,_xll.RiskTruncateP(0.05,0.95),_xll.RiskName("DMI Cow"),_xll.RiskUnits("kg"))} -> #NAME? | G58: =F58*0.0243 -> #NAME? | H58: {=_xll.RiskNormal('SW7'!C$12,'SW7'!D$12,_xll.RiskTruncateP(0.05,0.95),_xll.RiskName("Water Intake Cow"),_xll.RiskUnits("L"))} -> #NAME? | I58: =F58*C58+G58*D58+H58*E58 -> #NAME? | J58: =I58*0.0213 -> #NAME? | K58: {=_xll.RiskNormal(-0.0000000257*A58^4+0.0000163*A58^3-0.003686*A58^2+0.3024*A58+1.445,(-0.0000000257*A58^4+0.0000163*A58^3-0.003686*A58^2+0.3024*A58+1.445)*0.355,_xll.RiskTruncateP(0.05,0.95),_xll.RiskName("Milk Intake"),_xll.RiskUnits("kg"))} -> #NAME? | M58: {=_xll.RiskNormal(0.0243*L58,0.005*L58,_xll.RiskTruncateP(0.05,0.95),_xll.RiskName("Soil Intake"),_xll.RiskUnits("kg"))} -> #NAME? | N58: =4*L58 -> 0 | O58: =J58*K58 -> #NAME? | P58: =C58*L58 -> #NAME? | Q58: =D58*M58 -> #NAME? | R58: =E58*N58 -> 0 | S58: =SUM(O58:R58) -> #NAME? | T58: {=U57-(U57*(0.5^(1/_xll.RiskNormal('SW7'!C$2,'SW7'!D$2,_xll.RiskTruncateP(0.05,0.95),_xll.RiskName("Halflife"),_xll.RiskUnits("d")))))} -> #NAME? | U58: =U57+S57-T57 -> #NAME? | V58: {=(U58*_xll.RiskNormal('SW7'!C$3,'SW7'!D$3,_xll.RiskTruncateP(0.05,0.95),_xll.RiskName("PFAS MUSCLE FRAC"))/(B58*_xll.RiskNormal('SW7'!C$4,'SW7'!E$4,_xll.RiskTruncateP(0.05,0.95),_xll.RiskName("MUSCLE BW FRAC"))))/1000} -> #NAME? | W58: {=V58/_xll.RiskNormal('SW7'!C$5,'SW7'!D$5,_xll.RiskTruncateP(0.05,0.95),_xll.RiskName("Serum Part"))} -> #NAME?
A59: =A58+1 -> 56 | B59: {=B58+_xll.RiskNormal(0.5584 + 2*0.001787*A59 -3*0.00000155*A59^2 - 4*0.00000000133*A59^3,0.35*(0.5584 + 2*0.001787*A59 -3*0.00000155*A59^2 - 4*0.00000000133*A59^3),_xll.RiskTruncateP(0.05,0.95),_xll.RiskName("BW Gain"),_xll.RiskUnits("kg"))} -> #NAME? | C59: {=_xll.RiskNormal(30,30*0.3941,_xll.RiskTruncateP(0.05,0.95),_xll.RiskName("Diet 2 Feed"),_xll.RiskUnits("ng/kg dry"))} -> #NAME? | D59: {=_xll.RiskNormal(310,310*0.282,_xll.RiskTruncateP(0.05,0.95),_xll.RiskName("Diet 2 Soil"),_xll.RiskUnits("ng/kg dry"))} -> #NAME? | E59: 1.3 | F59: {=_xll.RiskNormal((-0.0001*A59^2+0.0196*A59+11.697),(-0.0001*A59^2+0.0196*A59+11.697)*0.062,_xll.RiskTruncateP(0.05,0.95),_xll.RiskName("DMI Cow"),_xll.RiskUnits("kg"))} -> #NAME? | G59: =F59*0.0243 -> #NAME? | H59: {=_xll.RiskNormal('SW7'!C$12,'SW7'!D$12,_xll.RiskTruncateP(0.05,0.95),_xll.RiskName("Water Intake Cow"),_xll.RiskUnits("L"))} -> #NAME? | I59: =F59*C59+G59*D59+H59*E59 -> #NAME? | J59: =I59*0.0213 -> #NAME? | K59: {=_xll.RiskNormal(-0.0000000257*A59^4+0.0000163*A59^3-0.003686*A59^2+0.3024*A59+1.445,(-0.0000000257*A59^4+0.0000163*A59^3-0.003686*A59^2+0.3024*A59+1.445)*0.355,_xll.RiskTruncateP(0.05,0.95),_xll.RiskName("Milk Intake"),_xll.RiskUnits("kg"))} -> #NAME? | M59: {=_xll.RiskNormal(0.0243*L59,0.005*L59,_xll.RiskTruncateP(0.05,0.95),_xll.RiskName("Soil Intake"),_xll.RiskUnits("kg"))} -> #NAME? | N59: =4*L59 -> 0 | O59: =J59*K59 -> #NAME? | P59: =C59*L59 -> #NAME? | Q59: =D59*M59 -> #NAME? | R59: =E59*N59 -> 0 | S59: =SUM(O59:R59) -> #NAME? | T59: {=U58-(U58*(0.5^(1/_xll.RiskNormal('SW7'!C$2,'SW7'!D$2,_xll.RiskTruncateP(0.05,0.95),_xll.RiskName("Halflife"),_xll.RiskUnits("d")))))} -> #NAME? | U59: =U58+S58-T58 -> #NAME? | V59: {=(U59*_xll.RiskNormal('SW7'!C$3,'SW7'!D$3,_xll.RiskTruncateP(0.05,0.95),_xll.RiskName("PFAS MUSCLE FRAC"))/(B59*_xll.RiskNormal('SW7'!C$4,'SW7'!E$4,_xll.RiskTruncateP(0.05,0.95),_xll.RiskName("MUSCLE BW FRAC"))))/1000} -> #NAME? | W59: {=V59/_xll.RiskNormal('SW7'!C$5,'SW7'!D$5,_xll.RiskTruncateP(0.05,0.95),_xll.RiskName("Serum Part"))} -> #NAME?
A60: =A59+1 -> 57 | B60: {=B59+_xll.RiskNormal(0.5584 + 2*0.001787*A60 -3*0.00000155*A60^2 - 4*0.00000000133*A60^3,0.35*(0.5584 + 2*0.001787*A60 -3*0.00000155*A60^2 - 4*0.00000000133*A60^3),_xll.RiskTruncateP(0.05,0.95),_xll.RiskName("BW Gain"),_xll.RiskUnits("kg"))} -> #NAME? | C60: {=_xll.RiskNormal(30,30*0.3941,_xll.RiskTruncateP(0.05,0.95),_xll.RiskName("Diet 2 Feed"),_xll.RiskUnits("ng/kg dry"))} -> #NAME? | D60: {=_xll.RiskNormal(310,310*0.282,_xll.RiskTruncateP(0.05,0.95),_xll.RiskName("Diet 2 Soil"),_xll.RiskUnits("ng/kg dry"))} -> #NAME? | E60: 1.3 | F60: {=_xll.RiskNormal((-0.0001*A60^2+0.0196*A60+11.697),(-0.0001*A60^2+0.0196*A60+11.697)*0.062,_xll.RiskTruncateP(0.05,0.95),_xll.RiskName("DMI Cow"),_xll.RiskUnits("kg"))} -> #NAME? | G60: =F60*0.0243 -> #NAME? | H60: {=_xll.RiskNormal('SW7'!C$12,'SW7'!D$12,_xll.RiskTruncateP(0.05,0.95),_xll.RiskName("Water Intake Cow"),_xll.RiskUnits("L"))} -> #NAME? | I60: =F60*C60+G60*D60+H60*E60 -> #NAME? | J60: =I60*0.0213 -> #NAME? | K60: {=_xll.RiskNormal(-0.0000000257*A60^4+0.0000163*A60^3-0.003686*A60^2+0.3024*A60+1.445,(-0.0000000257*A60^4+0.0000163*A60^3-0.003686*A60^2+0.3024*A60+1.445)*0.355,_xll.RiskTruncateP(0.05,0.95),_xll.RiskName("Milk Intake"),_xll.RiskUnits("kg"))} -> #NAME? | M60: {=_xll.RiskNormal(0.0243*L60,0.005*L60,_xll.RiskTruncateP(0.05,0.95),_xll.RiskName("Soil Intake"),_xll.RiskUnits("kg"))} -> #NAME? | N60: =4*L60 -> 0 | O60: =J60*K60 -> #NAME? | P60: =C60*L60 -> #NAME? | Q60: =D60*M60 -> #NAME? | R60: =E60*N60 -> 0 | S60: =SUM(O60:R60) -> #NAME? | T60: {=U59-(U59*(0.5^(1/_xll.RiskNormal('SW7'!C$2,'SW7'!D$2,_xll.RiskTruncateP(0.05,0.95),_xll.RiskName("Halflife"),_xll.RiskUnits("d")))))} -> #NAME? | U60: =U59+S59-T59 -> #NAME? | V60: {=(U60*_xll.RiskNormal('SW7'!C$3,'SW7'!D$3,_xll.RiskTruncateP(0.05,0.95),_xll.RiskName("PFAS MUSCLE FRAC"))/(B60*_xll.RiskNormal('SW7'!C$4,'SW7'!E$4,_xll.RiskTruncateP(0.05,0.95),_xll.RiskName("MUSCLE BW FRAC"))))/1000} -> #NAME? | W60: {=V60/_xll.RiskNormal('SW7'!C$5,'SW7'!D$5,_xll.RiskTruncateP(0.05,0.95),_xll.RiskName("Serum Part"))} -> #NAME?
... A68: =A67+1 -> 65 | B68: {=B67+_xll.RiskNormal(0.5584 + 2*0.001787*A68 -3*0.00000155*A68^2 - 4*0.00000000133*A68^3,0.35*(0.5584 + 2*0.001787*A68 -3*0.00000155*A68^2 - 4*0.00000000133*A68^3),_xll.RiskTruncateP(0.05,0.95),_xll.RiskName("BW Gain"),_xll.RiskUnits("kg"))} -> #NAME? | C68: {=_xll.RiskNormal(30,30*0.3941,_xll.RiskTruncateP(0.05,0.95),_xll.RiskName("Diet 2 Feed"),_xll.RiskUnits("ng/kg dry"))} -> #NAME? | D68: {=_xll.RiskNormal(310,310*0.282,_xll.RiskTruncateP(0.05,0.95),_xll.RiskName("Diet 2 Soil"),_xll.RiskUnits("ng/kg dry"))} -> #NAME? | E68: 1.3 | F68: {=_xll.RiskNormal((-0.0001*A68^2+0.0196*A68+11.697),(-0.0001*A68^2+0.0196*A68+11.697)*0.062,_xll.RiskTruncateP(0.05,0.95),_xll.RiskName("DMI Cow"),_xll.RiskUnits("kg"))} -> #NAME? | G68: =F68*0.0243 -> #NAME? | H68: {=_xll.RiskNormal('SW7'!C$12,'SW7'!D$12,_xll.RiskTruncateP(0.05,0.95),_xll.RiskName("Water Intake Cow"),_xll.RiskUnits("L"))} -> #NAME? | I68: =F68*C68+G68*D68+H68*E68 -> #NAME? | J68: =I68*0.0213 -> #NAME? | K68: {=_xll.RiskNormal(-0.0000000257*A68^4+0.0000163*A68^3-0.003686*A68^2+0.3024*A68+1.445,(-0.0000000257*A68^4+0.0000163*A68^3-0.003686*A68^2+0.3024*A68+1.445)*0.355,_xll.RiskTruncateP(0.05,0.95),_xll.RiskName("Milk Intake"),_xll.RiskUnits("kg"))} -> #NAME? | M68: {=_xll.RiskNormal(0.0243*L68,0.005*L68,_xll.RiskTruncateP(0.05,0.95),_xll.RiskName("Soil Intake"),_xll.RiskUnits("kg"))} -> #NAME? | N68: =4*L68 -> 0 | O68: =J68*K68 -> #NAME? | P68: =C68*L68 -> #NAME? | Q68: =D68*M68 -> #NAME? | R68: =E68*N68 -> 0 | S68: =SUM(O68:R68) -> #NAME? | T68: {=U67-(U67*(0.5^(1/_xll.RiskNormal('SW7'!C$2,'SW7'!D$2,_xll.RiskTruncateP(0.05,0.95),_xll.RiskName("Halflife"),_xll.RiskUnits("d")))))} -> #NAME? | U68: =U67+S67-T67 -> #NAME? | V68: {=(U68*_xll.RiskNormal('SW7'!C$3,'SW7'!D$3,_xll.RiskTruncateP(0.05,0.95),_xll.RiskName("PFAS MUSCLE FRAC"))/(B68*_xll.RiskNormal('SW7'!C$4,'SW7'!E$4,_xll.RiskTruncateP(0.05,0.95),_xll.RiskName("MUSCLE BW FRAC"))))/1000} -> #NAME? | W68: {=V68/_xll.RiskNormal('SW7'!C$5,'SW7'!D$5,_xll.RiskTruncateP(0.05,0.95),_xll.RiskName("Serum Part"))} -> #NAME?
A69: =A68+1 -> 66 | B69: {=B68+_xll.RiskNormal(0.5584 + 2*0.001787*A69 -3*0.00000155*A69^2 - 4*0.00000000133*A69^3,0.35*(0.5584 + 2*0.001787*A69 -3*0.00000155*A69^2 - 4*0.00000000133*A69^3),_xll.RiskTruncateP(0.05,0.95),_xll.RiskName("BW Gain"),_xll.RiskUnits("kg"))} -> #NAME? | C69: {=_xll.RiskNormal(30,30*0.3941,_xll.RiskTruncateP(0.05,0.95),_xll.RiskName("Diet 2 Feed"),_xll.RiskUnits("ng/kg dry"))} -> #NAME? | D69: {=_xll.RiskNormal(310,310*0.282,_xll.RiskTruncateP(0.05,0.95),_xll.RiskName("Diet 2 Soil"),_xll.RiskUnits("ng/kg dry"))} -> #NAME? | E69: 1.3 | F69: {=_xll.RiskNormal((-0.0001*A69^2+0.0196*A69+11.697),(-0.0001*A69^2+0.0196*A69+11.697)*0.062,_xll.RiskTruncateP(0.05,0.95),_xll.RiskName("DMI Cow"),_xll.RiskUnits("kg"))} -> #NAME? | G69: =F69*0.0243 -> #NAME? | H69: {=_xll.RiskNormal('SW7'!C$12,'SW7'!D$12,_xll.RiskTruncateP(0.05,0.95),_xll.RiskName("Water Intake Cow"),_xll.RiskUnits("L"))} -> #NAME? | I69: =F69*C69+G69*D69+H69*E69 -> #NAME? | J69: =I69*0.0213 -> #NAME? | K69: {=_xll.RiskNormal(-0.0000000257*A69^4+0.0000163*A69^3-0.003686*A69^2+0.3024*A69+1.445,(-0.0000000257*A69^4+0.0000163*A69^3-0.003686*A69^2+0.3024*A69+1.445)*0.355,_xll.RiskTruncateP(0.05,0.95),_xll.RiskName("Milk Intake"),_xll.RiskUnits("kg"))} -> #NAME? | L69: {=_xll.RiskNormal(5.4702*LN(A69)-22.889,(5.4702*LN(A69)-22.889)*0.35,_xll.RiskTruncateP(0.05,0.95),_xll.RiskName("DMI"),_xll.RiskUnits("kg"))} -> #NAME? | M69: {=_xll.RiskNormal(0.0243*L69,0.005*L69,_xll.RiskTruncateP(0.05,0.95),_xll.RiskName("Soil Intake"),_xll.RiskUnits("kg"))} -> #NAME? | N69: =4*L69 -> #NAME? | O69: =J69*K69 -> #NAME? | P69: =C69*L69 -> #NAME? | Q69: =D69*M69 -> #NAME? | R69: =E69*N69 -> #NAME? | S69: =SUM(O69:R69) -> #NAME? | T69: {=U68-(U68*(0.5^(1/_xll.RiskNormal('SW7'!C$2,'SW7'!D$2,_xll.RiskTruncateP(0.05,0.95),_xll.RiskName("Halflife"),_xll.RiskUnits("d")))))} -> #NAME? | U69: =U68+S68-T68 -> #NAME? | V69: {=(U69*_xll.RiskNormal('SW7'!C$3,'SW7'!D$3,_xll.RiskTruncateP(0.05,0.95),_xll.RiskName("PFAS MUSCLE FRAC"))/(B69*_xll.RiskNormal('SW7'!C$4,'SW7'!E$4,_xll.RiskTruncateP(0.05,0.95),_xll.RiskName("MUSCLE BW FRAC"))))/1000} -> #NAME? | W69: {=V69/_xll.RiskNormal('SW7'!C$5,'SW7'!D$5,_xll.RiskTruncateP(0.05,0.95),_xll.RiskName("Serum Part"))} -> #NAME?
A70: =A69+1 -> 67 | B70: {=B69+_xll.RiskNormal(0.5584 + 2*0.001787*A70 -3*0.00000155*A70^2 - 4*0.00000000133*A70^3,0.35*(0.5584 + 2*0.001787*A70 -3*0.00000155*A70^2 - 4*0.00000000133*A70^3),_xll.RiskTruncateP(0.05,0.95),_xll.RiskName("BW Gain"),_xll.RiskUnits("kg"))} -> #NAME? | C70: {=_xll.RiskNormal(30,30*0.3941,_xll.RiskTruncateP(0.05,0.95),_xll.RiskName("Diet 2 Feed"),_xll.RiskUnits("ng/kg dry"))} -> #NAME? | D70: {=_xll.RiskNormal(310,310*0.282,_xll.RiskTruncateP(0.05,0.95),_xll.RiskName("Diet 2 Soil"),_xll.RiskUnits("ng/kg dry"))} -> #NAME? | E70: 1.3 | F70: {=_xll.RiskNormal((-0.0001*A70^2+0.0196*A70+11.697),(-0.0001*A70^2+0.0196*A70+11.697)*0.062,_xll.RiskTruncateP(0.05,0.95),_xll.RiskName("DMI Cow"),_xll.RiskUnits("kg"))} -> #NAME? | G70: =F70*0.0243 -> #NAME? | H70: {=_xll.RiskNormal('SW7'!C$12,'SW7'!D$12,_xll.RiskTruncateP(0.05,0.95),_xll.RiskName("Water Intake Cow"),_xll.RiskUnits("L"))} -> #NAME? | I70: =F70*C70+G70*D70+H70*E70 -> #NAME? | J70: =I70*0.0213 -> #NAME? | K70: {=_xll.RiskNormal(-0.0000000257*A70^4+0.0000163*A70^3-0.003686*A70^2+0.3024*A70+1.445,(-0.0000000257*A70^4+0.0000163*A70^3-0.003686*A70^2+0.3024*A70+1.445)*0.355,_xll.RiskTruncateP(0.05,0.95),_xll.RiskName("Milk Intake"),_xll.RiskUnits("kg"))} -> #NAME? | L70: {=_xll.RiskNormal(5.4702*LN(A70)-22.889,(5.4702*LN(A70)-22.889)*0.35,_xll.RiskTruncateP(0.05,0.95),_xll.RiskName("DMI"),_xll.RiskUnits("kg"))} -> #NAME? | M70: {=_xll.RiskNormal(0.0243*L70,0.005*L70,_xll.RiskTruncateP(0.05,0.95),_xll.RiskName("Soil Intake"),_xll.RiskUnits("kg"))} -> #NAME? | N70: =4*L70 -> #NAME? | O70: =J70*K70 -> #NAME? | P70: =C70*L70 -> #NAME? | Q70: =D70*M70 -> #NAME? | R70: =E70*N70 -> #NAME? | S70: =SUM(O70:R70) -> #NAME? | T70: {=U69-(U69*(0.5^(1/_xll.RiskNormal('SW7'!C$2,'SW7'!D$2,_xll.RiskTruncateP(0.05,0.95),_xll.RiskName("Halflife"),_xll.RiskUnits("d")))))} -> #NAME? | U70: =U69+S69-T69 -> #NAME? | V70: {=(U70*_xll.RiskNormal('SW7'!C$3,'SW7'!D$3,_xll.RiskTruncateP(0.05,0.95),_xll.RiskName("PFAS MUSCLE FRAC"))/(B70*_xll.RiskNormal('SW7'!C$4,'SW7'!E$4,_xll.RiskTruncateP(0.05,0.95),_xll.RiskName("MUSCLE BW FRAC"))))/1000} -> #NAME? | W70: {=V70/_xll.RiskNormal('SW7'!C$5,'SW7'!D$5,_xll.RiskTruncateP(0.05,0.95),_xll.RiskName("Serum Part"))} -> #NAME?
A71: =A70+1 -> 68 | B71: {=B70+_xll.RiskNormal(0.5584 + 2*0.001787*A71 -3*0.00000155*A71^2 - 4*0.00000000133*A71^3,0.35*(0.5584 + 2*0.001787*A71 -3*0.00000155*A71^2 - 4*0.00000000133*A71^3),_xll.RiskTruncateP(0.05,0.95),_xll.RiskName("BW Gain"),_xll.RiskUnits("kg"))} -> #NAME? | C71: {=_xll.RiskNormal(30,30*0.3941,_xll.RiskTruncateP(0.05,0.95),_xll.RiskName("Diet 2 Feed"),_xll.RiskUnits("ng/kg dry"))} -> #NAME? | D71: {=_xll.RiskNormal(310,310*0.282,_xll.RiskTruncateP(0.05,0.95),_xll.RiskName("Diet 2 Soil"),_xll.RiskUnits("ng/kg dry"))} -> #NAME? | E71: 1.3 | F71: {=_xll.RiskNormal((-0.0001*A71^2+0.0196*A71+11.697),(-0.0001*A71^2+0.0196*A71+11.697)*0.062,_xll.RiskTruncateP(0.05,0.95),_xll.RiskName("DMI Cow"),_xll.RiskUnits("kg"))} -> #NAME? | G71: =F71*0.0243 -> #NAME? | H71: {=_xll.RiskNormal('SW7'!C$12,'SW7'!D$12,_xll.RiskTruncateP(0.05,0.95),_xll.RiskName("Water Intake Cow"),_xll.RiskUnits("L"))} -> #NAME? | I71: =F71*C71+G71*D71+H71*E71 -> #NAME? | J71: =I71*0.0213 -> #NAME? | K71: {=_xll.RiskNormal(-0.0000000257*A71^4+0.0000163*A71^3-0.003686*A71^2+0.3024*A71+1.445,(-0.0000000257*A71^4+0.0000163*A71^3-0.003686*A71^2+0.3024*A71+1.445)*0.355,_xll.RiskTruncateP(0.05,0.95),_xll.RiskName("Milk Intake"),_xll.RiskUnits("kg"))} -> #NAME? | L71: {=_xll.RiskNormal(5.4702*LN(A71)-22.889,(5.4702*LN(A71)-22.889)*0.35,_xll.RiskTruncateP(0.05,0.95),_xll.RiskName("DMI"),_xll.RiskUnits("kg"))} -> #NAME? | M71: {=_xll.RiskNormal(0.0243*L71,0.005*L71,_xll.RiskTruncateP(0.05,0.95),_xll.RiskName("Soil Intake"),_xll.RiskUnits("kg"))} -> #NAME? | N71: =4*L71 -> #NAME? | O71: =J71*K71 -> #NAME? | P71: =C71*L71 -> #NAME? | Q71: =D71*M71 -> #NAME? | R71: =E71*N71 -> #NAME? | S71: =SUM(O71:R71) -> #NAME? | T71: {=U70-(U70*(0.5^(1/_xll.RiskNormal('SW7'!C$2,'SW7'!D$2,_xll.RiskTruncateP(0.05,0.95),_xll.RiskName("Halflife"),_xll.RiskUnits("d")))))} -> #NAME? | U71: =U70+S70-T70 -> #NAME? | V71: {=(U71*_xll.RiskNormal('SW7'!C$3,'SW7'!D$3,_xll.RiskTruncateP(0.05,0.95),_xll.RiskName("PFAS MUSCLE FRAC"))/(B71*_xll.RiskNormal('SW7'!C$4,'SW7'!E$4,_xll.RiskTruncateP(0.05,0.95),_xll.RiskName("MUSCLE BW FRAC"))))/1000} -> #NAME? | W71: {=V71/_xll.RiskNormal('SW7'!C$5,'SW7'!D$5,_xll.RiskTruncateP(0.05,0.95),_xll.RiskName("Serum Part"))} -> #NAME?
A72: =A71+1 -> 69 | B72: {=B71+_xll.RiskNormal(0.5584 + 2*0.001787*A72 -3*0.00000155*A72^2 - 4*0.00000000133*A72^3,0.35*(0.5584 + 2*0.001787*A72 -3*0.00000155*A72^2 - 4*0.00000000133*A72^3),_xll.RiskTruncateP(0.05,0.95),_xll.RiskName("BW Gain"),_xll.RiskUnits("kg"))} -> #NAME? | C72: {=_xll.RiskNormal(30,30*0.3941,_xll.RiskTruncateP(0.05,0.95),_xll.RiskName("Diet 2 Feed"),_xll.RiskUnits("ng/kg dry"))} -> #NAME? | D72: {=_xll.RiskNormal(310,310*0.282,_xll.RiskTruncateP(0.05,0.95),_xll.RiskName("Diet 2 Soil"),_xll.RiskUnits("ng/kg dry"))} -> #NAME? | E72: 1.3 | F72: {=_xll.RiskNormal((-0.0001*A72^2+0.0196*A72+11.697),(-0.0001*A72^2+0.0196*A72+11.697)*0.062,_xll.RiskTruncateP(0.05,0.95),_xll.RiskName("DMI Cow"),_xll.RiskUnits("kg"))} -> #NAME? | G72: =F72*0.0243 -> #NAME? | H72: {=_xll.RiskNormal('SW7'!C$12,'SW7'!D$12,_xll.RiskTruncateP(0.05,0.95),_xll.RiskName("Water Intake Cow"),_xll.RiskUnits("L"))} -> #NAME? | I72: =F72*C72+G72*D72+H72*E72 -> #NAME? | J72: =I72*0.0213 -> #NAME? | K72: {=_xll.RiskNormal(-0.0000000257*A72^4+0.0000163*A72^3-0.003686*A72^2+0.3024*A72+1.445,(-0.0000000257*A72^4+0.0000163*A72^3-0.003686*A72^2+0.3024*A72+1.445)*0.355,_xll.RiskTruncateP(0.05,0.95),_xll.RiskName("Milk Intake"),_xll.RiskUnits("kg"))} -> #NAME? | L72: {=_xll.RiskNormal(5.4702*LN(A72)-22.889,(5.4702*LN(A72)-22.889)*0.35,_xll.RiskTruncateP(0.05,0.95),_xll.RiskName("DMI"),_xll.RiskUnits("kg"))} -> #NAME? | M72: {=_xll.RiskNormal(0.0243*L72,0.005*L72,_xll.RiskTruncateP(0.05,0.95),_xll.RiskName("Soil Intake"),_xll.RiskUnits("kg"))} -> #NAME? | N72: =4*L72 -> #NAME? | O72: =J72*K72 -> #NAME? | P72: =C72*L72 -> #NAME? | Q72: =D72*M72 -> #NAME? | R72: =E72*N72 -> #NAME? | S72: =SUM(O72:R72) -> #NAME? | T72: {=U71-(U71*(0.5^(1/_xll.RiskNormal('SW7'!C$2,'SW7'!D$2,_xll.RiskTruncateP(0.05,0.95),_xll.RiskName("Halflife"),_xll.RiskUnits("d")))))} -> #NAME? | U72: =U71+S71-T71 -> #NAME? | V72: {=(U72*_xll.RiskNormal('SW7'!C$3,'SW7'!D$3,_xll.RiskTruncateP(0.05,0.95),_xll.RiskName("PFAS MUSCLE FRAC"))/(B72*_xll.RiskNormal('SW7'!C$4,'SW7'!E$4,_xll.RiskTruncateP(0.05,0.95),_xll.RiskName("MUSCLE BW FRAC"))))/1000} -> #NAME? | W72: {=V72/_xll.RiskNormal('SW7'!C$5,'SW7'!D$5,_xll.RiskTruncateP(0.05,0.95),_xll.RiskName("Serum Part"))} -> #NAME?
A73: =A72+1 -> 70 | B73: {=B72+_xll.RiskNormal(0.5584 + 2*0.001787*A73 -3*0.00000155*A73^2 - 4*0.00000000133*A73^3,0.35*(0.5584 + 2*0.001787*A73 -3*0.00000155*A73^2 - 4*0.00000000133*A73^3),_xll.RiskTruncateP(0.05,0.95),_xll.RiskName("BW Gain"),_xll.RiskUnits("kg"))} -> #NAME? | C73: {=_xll.RiskNormal(30,30*0.3941,_xll.RiskTruncateP(0.05,0.95),_xll.RiskName("Diet 2 Feed"),_xll.RiskUnits("ng/kg dry"))} -> #NAME? | D73: {=_xll.RiskNormal(310,310*0.282,_xll.RiskTruncateP(0.05,0.95),_xll.RiskName("Diet 2 Soil"),_xll.RiskUnits("ng/kg dry"))} -> #NAME? | E73: 1.3 | F73: {=_xll.RiskNormal((-0.0001*A73^2+0.0196*A73+11.697),(-0.0001*A73^2+0.0196*A73+11.697)*0.062,_xll.RiskTruncateP(0.05,0.95),_xll.RiskName("DMI Cow"),_xll.RiskUnits("kg"))} -> #NAME? | G73: =F73*0.0243 -> #NAME? | H73: {=_xll.RiskNormal('SW7'!C$12,'SW7'!D$12,_xll.RiskTruncateP(0.05,0.95),_xll.RiskName("Water Intake Cow"),_xll.RiskUnits("L"))} -> #NAME? | I73: =F73*C73+G73*D73+H73*E73 -> #NAME? | J73: =I73*0.0213 -> #NAME? | K73: {=_xll.RiskNormal(-0.0000000257*A73^4+0.0000163*A73^3-0.003686*A73^2+0.3024*A73+1.445,(-0.0000000257*A73^4+0.0000163*A73^3-0.003686*A73^2+0.3024*A73+1.445)*0.355,_xll.RiskTruncateP(0.05,0.95),_xll.RiskName("Milk Intake"),_xll.RiskUnits("kg"))} -> #NAME? | L73: {=_xll.RiskNormal(5.4702*LN(A73)-22.889,(5.4702*LN(A73)-22.889)*0.35,_xll.RiskTruncateP(0.05,0.95),_xll.RiskName("DMI"),_xll.RiskUnits("kg"))} -> #NAME? | M73: {=_xll.RiskNormal(0.0243*L73,0.005*L73,_xll.RiskTruncateP(0.05,0.95),_xll.RiskName("Soil Intake"),_xll.RiskUnits("kg"))} -> #NAME? | N73: =4*L73 -> #NAME? | O73: =J73*K73 -> #NAME? | P73: =C73*L73 -> #NAME? | Q73: =D73*M73 -> #NAME? | R73: =E73*N73 -> #NAME? | S73: =SUM(O73:R73) -> #NAME? | T73: {=U72-(U72*(0.5^(1/_xll.RiskNormal('SW7'!C$2,'SW7'!D$2,_xll.RiskTruncateP(0.05,0.95),_xll.RiskName("Halflife"),_xll.RiskUnits("d")))))} -> #NAME? | U73: =U72+S72-T72 -> #NAME? | V73: {=(U73*_xll.RiskNormal('SW7'!C$3,'SW7'!D$3,_xll.RiskTruncateP(0.05,0.95),_xll.RiskName("PFAS MUSCLE FRAC"))/(B73*_xll.RiskNormal('SW7'!C$4,'SW7'!E$4,_xll.RiskTruncateP(0.05,0.95),_xll.RiskName("MUSCLE BW FRAC"))))/1000} -> #NAME? | W73: {=V73/_xll.RiskNormal('SW7'!C$5,'SW7'!D$5,_xll.RiskTruncateP(0.05,0.95),_xll.RiskName("Serum Part"))} -> #NAME?
A74: =A73+1 -> 71 | B74: {=B73+_xll.RiskNormal(0.5584 + 2*0.001787*A74 -3*0.00000155*A74^2 - 4*0.00000000133*A74^3,0.35*(0.5584 + 2*0.001787*A74 -3*0.00000155*A74^2 - 4*0.00000000133*A74^3),_xll.RiskTruncateP(0.05,0.95),_xll.RiskName("BW Gain"),_xll.RiskUnits("kg"))} -> #NAME? | C74: {=_xll.RiskNormal(30,30*0.3941,_xll.RiskTruncateP(0.05,0.95),_xll.RiskName("Diet 2 Feed"),_xll.RiskUnits("ng/kg dry"))} -> #NAME? | D74: {=_xll.RiskNormal(310,310*0.282,_xll.RiskTruncateP(0.05,0.95),_xll.RiskName("Diet 2 Soil"),_xll.RiskUnits("ng/kg dry"))} -> #NAME? | E74: 1.3 | F74: {=_xll.RiskNormal((-0.0001*A74^2+0.0196*A74+11.697),(-0.0001*A74^2+0.0196*A74+11.697)*0.062,_xll.RiskTruncateP(0.05,0.95),_xll.RiskName("DMI Cow"),_xll.RiskUnits("kg"))} -> #NAME? | G74: =F74*0.0243 -> #NAME? | H74: {=_xll.RiskNormal('SW7'!C$12,'SW7'!D$12,_xll.RiskTruncateP(0.05,0.95),_xll.RiskName("Water Intake Cow"),_xll.RiskUnits("L"))} -> #NAME? | I74: =F74*C74+G74*D74+H74*E74 -> #NAME? | J74: =I74*0.0213 -> #NAME? | K74: {=_xll.RiskNormal(-0.0000000257*A74^4+0.0000163*A74^3-0.003686*A74^2+0.3024*A74+1.445,(-0.0000000257*A74^4+0.0000163*A74^3-0.003686*A74^2+0.3024*A74+1.445)*0.355,_xll.RiskTruncateP(0.05,0.95),_xll.RiskName("Milk Intake"),_xll.RiskUnits("kg"))} -> #NAME? | L74: {=_xll.RiskNormal(5.4702*LN(A74)-22.889,(5.4702*LN(A74)-22.889)*0.35,_xll.RiskTruncateP(0.05,0.95),_xll.RiskName("DMI"),_xll.RiskUnits("kg"))} -> #NAME? | M74: {=_xll.RiskNormal(0.0243*L74,0.005*L74,_xll.RiskTruncateP(0.05,0.95),_xll.RiskName("Soil Intake"),_xll.RiskUnits("kg"))} -> #NAME? | N74: =4*L74 -> #NAME? | O74: =J74*K74 -> #NAME? | P74: =C74*L74 -> #NAME? | Q74: =D74*M74 -> #NAME? | R74: =E74*N74 -> #NAME? | S74: =SUM(O74:R74) -> #NAME? | T74: {=U73-(U73*(0.5^(1/_xll.RiskNormal('SW7'!C$2,'SW7'!D$2,_xll.RiskTruncateP(0.05,0.95),_xll.RiskName("Halflife"),_xll.RiskUnits("d")))))} -> #NAME? | U74: =U73+S73-T73 -> #NAME? | V74: {=(U74*_xll.RiskNormal('SW7'!C$3,'SW7'!D$3,_xll.RiskTruncateP(0.05,0.95),_xll.RiskName("PFAS MUSCLE FRAC"))/(B74*_xll.RiskNormal('SW7'!C$4,'SW7'!E$4,_xll.RiskTruncateP(0.05,0.95),_xll.RiskName("MUSCLE BW FRAC"))))/1000} -> #NAME? | W74: {=V74/_xll.RiskNormal('SW7'!C$5,'SW7'!D$5,_xll.RiskTruncateP(0.05,0.95),_xll.RiskName("Serum Part"))} -> #NAME?
A75: =A74+1 -> 72 | B75: {=B74+_xll.RiskNormal(0.5584 + 2*0.001787*A75 -3*0.00000155*A75^2 - 4*0.00000000133*A75^3,0.35*(0.5584 + 2*0.001787*A75 -3*0.00000155*A75^2 - 4*0.00000000133*A75^3),_xll.RiskTruncateP(0.05,0.95),_xll.RiskName("BW Gain"),_xll.RiskUnits("kg"))} -> #NAME? | C75: {=_xll.RiskNormal(30,30*0.3941,_xll.RiskTruncateP(0.05,0.95),_xll.RiskName("Diet 2 Feed"),_xll.RiskUnits("ng/kg dry"))} -> #NAME? | D75: {=_xll.RiskNormal(310,310*0.282,_xll.RiskTruncateP(0.05,0.95),_xll.RiskName("Diet 2 Soil"),_xll.RiskUnits("ng/kg dry"))} -> #NAME? | E75: 1.3 | F75: {=_xll.RiskNormal((-0.0001*A75^2+0.0196*A75+11.697),(-0.0001*A75^2+0.0196*A75+11.697)*0.062,_xll.RiskTruncateP(0.05,0.95),_xll.RiskName("DMI Cow"),_xll.RiskUnits("kg"))} -> #NAME? | G75: =F75*0.0243 -> #NAME? | H75: {=_xll.RiskNormal('SW7'!C$12,'SW7'!D$12,_xll.RiskTruncateP(0.05,0.95),_xll.RiskName("Water Intake Cow"),_xll.RiskUnits("L"))} -> #NAME? | I75: =F75*C75+G75*D75+H75*E75 -> #NAME? | J75: =I75*0.0213 -> #NAME? | K75: {=_xll.RiskNormal(-0.0000000257*A75^4+0.0000163*A75^3-0.003686*A75^2+0.3024*A75+1.445,(-0.0000000257*A75^4+0.0000163*A75^3-0.003686*A75^2+0.3024*A75+1.445)*0.355,_xll.RiskTruncateP(0.05,0.95),_xll.RiskName("Milk Intake"),_xll.RiskUnits("kg"))} -> #NAME? | L75: {=_xll.RiskNormal(5.4702*LN(A75)-22.889,(5.4702*LN(A75)-22.889)*0.35,_xll.RiskTruncateP(0.05,0.95),_xll.RiskName("DMI"),_xll.RiskUnits("kg"))} -> #NAME? | M75: {=_xll.RiskNormal(0.0243*L75,0.005*L75,_xll.RiskTruncateP(0.05,0.95),_xll.RiskName("Soil Intake"),_xll.RiskUnits("kg"))} -> #NAME? | N75: =4*L75 -> #NAME? | O75: =J75*K75 -> #NAME? | P75: =C75*L75 -> #NAME? | Q75: =D75*M75 -> #NAME? | R75: =E75*N75 -> #NAME? | S75: =SUM(O75:R75) -> #NAME? | T75: {=U74-(U74*(0.5^(1/_xll.RiskNormal('SW7'!C$2,'SW7'!D$2,_xll.RiskTruncateP(0.05,0.95),_xll.RiskName("Halflife"),_xll.RiskUnits("d")))))} -> #NAME? | U75: =U74+S74-T74 -> #NAME? | V75: {=(U75*_xll.RiskNormal('SW7'!C$3,'SW7'!D$3,_xll.RiskTruncateP(0.05,0.95),_xll.RiskName("PFAS MUSCLE FRAC"))/(B75*_xll.RiskNormal('SW7'!C$4,'SW7'!E$4,_xll.RiskTruncateP(0.05,0.95),_xll.RiskName("MUSCLE BW FRAC"))))/1000} -> #NAME? | W75: {=V75/_xll.RiskNormal('SW7'!C$5,'SW7'!D$5,_xll.RiskTruncateP(0.05,0.95),_xll.RiskName("Serum Part"))} -> #NAME?
A76: =A75+1 -> 73 | B76: {=B75+_xll.RiskNormal(0.5584 + 2*0.001787*A76 -3*0.00000155*A76^2 - 4*0.00000000133*A76^3,0.35*(0.5584 + 2*0.001787*A76 -3*0.00000155*A76^2 - 4*0.00000000133*A76^3),_xll.RiskTruncateP(0.05,0.95),_xll.RiskName("BW Gain"),_xll.RiskUnits("kg"))} -> #NAME? | C76: {=_xll.RiskNormal(30,30*0.3941,_xll.RiskTruncateP(0.05,0.95),_xll.RiskName("Diet 2 Feed"),_xll.RiskUnits("ng/kg dry"))} -> #NAME? | D76: {=_xll.RiskNormal(310,310*0.282,_xll.RiskTruncateP(0.05,0.95),_xll.RiskName("Diet 2 Soil"),_xll.RiskUnits("ng/kg dry"))} -> #NAME? | E76: 1.3 | F76: {=_xll.RiskNormal((-0.0001*A76^2+0.0196*A76+11.697),(-0.0001*A76^2+0.0196*A76+11.697)*0.062,_xll.RiskTruncateP(0.05,0.95),_xll.RiskName("DMI Cow"),_xll.RiskUnits("kg"))} -> #NAME? | G76: =F76*0.0243 -> #NAME? | H76: {=_xll.RiskNormal('SW7'!C$12,'SW7'!D$12,_xll.RiskTruncateP(0.05,0.95),_xll.RiskName("Water Intake Cow"),_xll.RiskUnits("L"))} -> #NAME? | I76: =F76*C76+G76*D76+H76*E76 -> #NAME? | J76: =I76*0.0213 -> #NAME? | K76: {=_xll.RiskNormal(-0.0000000257*A76^4+0.0000163*A76^3-0.003686*A76^2+0.3024*A76+1.445,(-0.0000000257*A76^4+0.0000163*A76^3-0.003686*A76^2+0.3024*A76+1.445)*0.355,_xll.RiskTruncateP(0.05,0.95),_xll.RiskName("Milk Intake"),_xll.RiskUnits("kg"))} -> #NAME? | L76: {=_xll.RiskNormal(5.4702*LN(A76)-22.889,(5.4702*LN(A76)-22.889)*0.35,_xll.RiskTruncateP(0.05,0.95),_xll.RiskName("DMI"),_xll.RiskUnits("kg"))} -> #NAME? | M76: {=_xll.RiskNormal(0.0243*L76,0.005*L76,_xll.RiskTruncateP(0.05,0.95),_xll.RiskName("Soil Intake"),_xll.RiskUnits("kg"))} -> #NAME? | N76: =4*L76 -> #NAME? | O76: =J76*K76 -> #NAME? | P76: =C76*L76 -> #NAME? | Q76: =D76*M76 -> #NAME? | R76: =E76*N76 -> #NAME? | S76: =SUM(O76:R76) -> #NAME? | T76: {=U75-(U75*(0.5^(1/_xll.RiskNormal('SW7'!C$2,'SW7'!D$2,_xll.RiskTruncateP(0.05,0.95),_xll.RiskName("Halflife"),_xll.RiskUnits("d")))))} -> #NAME? | U76: =U75+S75-T75 -> #NAME? | V76: {=(U76*_xll.RiskNormal('SW7'!C$3,'SW7'!D$3,_xll.RiskTruncateP(0.05,0.95),_xll.RiskName("PFAS MUSCLE FRAC"))/(B76*_xll.RiskNormal('SW7'!C$4,'SW7'!E$4,_xll.RiskTruncateP(0.05,0.95),_xll.RiskName("MUSCLE BW FRAC"))))/1000} -> #NAME? | W76: {=V76/_xll.RiskNormal('SW7'!C$5,'SW7'!D$5,_xll.RiskTruncateP(0.05,0.95),_xll.RiskName("Serum Part"))} -> #NAME?
A77: =A76+1 -> 74 | B77: {=B76+_xll.RiskNormal(0.5584 + 2*0.001787*A77 -3*0.00000155*A77^2 - 4*0.00000000133*A77^3,0.35*(0.5584 + 2*0.001787*A77 -3*0.00000155*A77^2 - 4*0.00000000133*A77^3),_xll.RiskTruncateP(0.05,0.95),_xll.RiskName("BW Gain"),_xll.RiskUnits("kg"))} -> #NAME? | C77: {=_xll.RiskNormal(30,30*0.3941,_xll.RiskTruncateP(0.05,0.95),_xll.RiskName("Diet 2 Feed"),_xll.RiskUnits("ng/kg dry"))} -> #NAME? | D77: {=_xll.RiskNormal(310,310*0.282,_xll.RiskTruncateP(0.05,0.95),_xll.RiskName("Diet 2 Soil"),_xll.RiskUnits("ng/kg dry"))} -> #NAME? | E77: 1.3 | F77: {=_xll.RiskNormal((-0.0001*A77^2+0.0196*A77+11.697),(-0.0001*A77^2+0.0196*A77+11.697)*0.062,_xll.RiskTruncateP(0.05,0.95),_xll.RiskName("DMI Cow"),_xll.RiskUnits("kg"))} -> #NAME? | G77: =F77*0.0243 -> #NAME? | H77: {=_xll.RiskNormal('SW7'!C$12,'SW7'!D$12,_xll.RiskTruncateP(0.05,0.95),_xll.RiskName("Water Intake Cow"),_xll.RiskUnits("L"))} -> #NAME? | I77: =F77*C77+G77*D77+H77*E77 -> #NAME? | J77: =I77*0.0213 -> #NAME? | K77: {=_xll.RiskNormal(-0.0000000257*A77^4+0.0000163*A77^3-0.003686*A77^2+0.3024*A77+1.445,(-0.0000000257*A77^4+0.0000163*A77^3-0.003686*A77^2+0.3024*A77+1.445)*0.355,_xll.RiskTruncateP(0.05,0.95),_xll.RiskName("Milk Intake"),_xll.RiskUnits("kg"))} -> #NAME? | L77: {=_xll.RiskNormal(5.4702*LN(A77)-22.889,(5.4702*LN(A77)-22.889)*0.35,_xll.RiskTruncateP(0.05,0.95),_xll.RiskName("DMI"),_xll.RiskUnits("kg"))} -> #NAME? | M77: {=_xll.RiskNormal(0.0243*L77,0.005*L77,_xll.RiskTruncateP(0.05,0.95),_xll.RiskName("Soil Intake"),_xll.RiskUnits("kg"))} -> #NAME? | N77: =4*L77 -> #NAME? | O77: =J77*K77 -> #NAME? | P77: =C77*L77 -> #NAME? | Q77: =D77*M77 -> #NAME? | R77: =E77*N77 -> #NAME? | S77: =SUM(O77:R77) -> #NAME? | T77: {=U76-(U76*(0.5^(1/_xll.RiskNormal('SW7'!C$2,'SW7'!D$2,_xll.RiskTruncateP(0.05,0.95),_xll.RiskName("Halflife"),_xll.RiskUnits("d")))))} -> #NAME? | U77: =U76+S76-T76 -> #NAME? | V77: {=(U77*_xll.RiskNormal('SW7'!C$3,'SW7'!D$3,_xll.RiskTruncateP(0.05,0.95),_xll.RiskName("PFAS MUSCLE FRAC"))/(B77*_xll.RiskNormal('SW7'!C$4,'SW7'!E$4,_xll.RiskTruncateP(0.05,0.95),_xll.RiskName("MUSCLE BW FRAC"))))/1000} -> #NAME? | W77: {=V77/_xll.RiskNormal('SW7'!C$5,'SW7'!D$5,_xll.RiskTruncateP(0.05,0.95),_xll.RiskName("Serum Part"))} -> #NAME?
A78: =A77+1 -> 75 | B78: {=B77+_xll.RiskNormal(0.5584 + 2*0.001787*A78 -3*0.00000155*A78^2 - 4*0.00000000133*A78^3,0.35*(0.5584 + 2*0.001787*A78 -3*0.00000155*A78^2 - 4*0.00000000133*A78^3),_xll.RiskTruncateP(0.05,0.95),_xll.RiskName("BW Gain"),_xll.RiskUnits("kg"))} -> #NAME? | C78: {=_xll.RiskNormal(30,30*0.3941,_xll.RiskTruncateP(0.05,0.95),_xll.RiskName("Diet 2 Feed"),_xll.RiskUnits("ng/kg dry"))} -> #NAME? | D78: {=_xll.RiskNormal(310,310*0.282,_xll.RiskTruncateP(0.05,0.95),_xll.RiskName("Diet 2 Soil"),_xll.RiskUnits("ng/kg dry"))} -> #NAME? | E78: 1.3 | F78: {=_xll.RiskNormal((-0.0001*A78^2+0.0196*A78+11.697),(-0.0001*A78^2+0.0196*A78+11.697)*0.062,_xll.RiskTruncateP(0.05,0.95),_xll.RiskName("DMI Cow"),_xll.RiskUnits("kg"))} -> #NAME? | G78: =F78*0.0243 -> #NAME? | H78: {=_xll.RiskNormal('SW7'!C$12,'SW7'!D$12,_xll.RiskTruncateP(0.05,0.95),_xll.RiskName("Water Intake Cow"),_xll.RiskUnits("L"))} -> #NAME? | I78: =F78*C78+G78*D78+H78*E78 -> #NAME? | J78: =I78*0.0213 -> #NAME? | K78: {=_xll.RiskNormal(-0.0000000257*A78^4+0.0000163*A78^3-0.003686*A78^2+0.3024*A78+1.445,(-0.0000000257*A78^4+0.0000163*A78^3-0.003686*A78^2+0.3024*A78+1.445)*0.355,_xll.RiskTruncateP(0.05,0.95),_xll.RiskName("Milk Intake"),_xll.RiskUnits("kg"))} -> #NAME? | L78: {=_xll.RiskNormal(5.4702*LN(A78)-22.889,(5.4702*LN(A78)-22.889)*0.35,_xll.RiskTruncateP(0.05,0.95),_xll.RiskName("DMI"),_xll.RiskUnits("kg"))} -> #NAME? | M78: {=_xll.RiskNormal(0.0243*L78,0.005*L78,_xll.RiskTruncateP(0.05,0.95),_xll.RiskName("Soil Intake"),_xll.RiskUnits("kg"))} -> #NAME? | N78: =4*L78 -> #NAME? | O78: =J78*K78 -> #NAME? | P78: =C78*L78 -> #NAME? | Q78: =D78*M78 -> #NAME? | R78: =E78*N78 -> #NAME? | S78: =SUM(O78:R78) -> #NAME? | T78: {=U77-(U77*(0.5^(1/_xll.RiskNormal('SW7'!C$2,'SW7'!D$2,_xll.RiskTruncateP(0.05,0.95),_xll.RiskName("Halflife"),_xll.RiskUnits("d")))))} -> #NAME? | U78: =U77+S77-T77 -> #NAME? | V78: {=(U78*_xll.RiskNormal('SW7'!C$3,'SW7'!D$3,_xll.RiskTruncateP(0.05,0.95),_xll.RiskName("PFAS MUSCLE FRAC"))/(B78*_xll.RiskNormal('SW7'!C$4,'SW7'!E$4,_xll.RiskTruncateP(0.05,0.95),_xll.RiskName("MUSCLE BW FRAC"))))/1000} -> #NAME? | W78: {=V78/_xll.RiskNormal('SW7'!C$5,'SW7'!D$5,_xll.RiskTruncateP(0.05,0.95),_xll.RiskName("Serum Part"))} -> #NAME?
A79: =A78+1 -> 76 | B79: {=B78+_xll.RiskNormal(0.5584 + 2*0.001787*A79 -3*0.00000155*A79^2 - 4*0.00000000133*A79^3,0.35*(0.5584 + 2*0.001787*A79 -3*0.00000155*A79^2 - 4*0.00000000133*A79^3),_xll.RiskTruncateP(0.05,0.95),_xll.RiskName("BW Gain"),_xll.RiskUnits("kg"))} -> #NAME? | C79: {=_xll.RiskNormal(30,30*0.3941,_xll.RiskTruncateP(0.05,0.95),_xll.RiskName("Diet 2 Feed"),_xll.RiskUnits("ng/kg dry"))} -> #NAME? | D79: {=_xll.RiskNormal(310,310*0.282,_xll.RiskTruncateP(0.05,0.95),_xll.RiskName("Diet 2 Soil"),_xll.RiskUnits("ng/kg dry"))} -> #NAME? | E79: 1.3 | F79: {=_xll.RiskNormal((-0.0001*A79^2+0.0196*A79+11.697),(-0.0001*A79^2+0.0196*A79+11.697)*0.062,_xll.RiskTruncateP(0.05,0.95),_xll.RiskName("DMI Cow"),_xll.RiskUnits("kg"))} -> #NAME? | G79: =F79*0.0243 -> #NAME? | H79: {=_xll.RiskNormal('SW7'!C$12,'SW7'!D$12,_xll.RiskTruncateP(0.05,0.95),_xll.RiskName("Water Intake Cow"),_xll.RiskUnits("L"))} -> #NAME? | I79: =F79*C79+G79*D79+H79*E79 -> #NAME? | J79: =I79*0.0213 -> #NAME? | K79: {=_xll.RiskNormal(-0.0000000257*A79^4+0.0000163*A79^3-0.003686*A79^2+0.3024*A79+1.445,(-0.0000000257*A79^4+0.0000163*A79^3-0.003686*A79^2+0.3024*A79+1.445)*0.355,_xll.RiskTruncateP(0.05,0.95),_xll.RiskName("Milk Intake"),_xll.RiskUnits("kg"))} -> #NAME? | L79: {=_xll.RiskNormal(5.4702*LN(A79)-22.889,(5.4702*LN(A79)-22.889)*0.35,_xll.RiskTruncateP(0.05,0.95),_xll.RiskName("DMI"),_xll.RiskUnits("kg"))} -> #NAME? | M79: {=_xll.RiskNormal(0.0243*L79,0.005*L79,_xll.RiskTruncateP(0.05,0.95),_xll.RiskName("Soil Intake"),_xll.RiskUnits("kg"))} -> #NAME? | N79: =4*L79 -> #NAME? | O79: =J79*K79 -> #NAME? | P79: =C79*L79 -> #NAME? | Q79: =D79*M79 -> #NAME? | R79: =E79*N79 -> #NAME? | S79: =SUM(O79:R79) -> #NAME? | T79: {=U78-(U78*(0.5^(1/_xll.RiskNormal('SW7'!C$2,'SW7'!D$2,_xll.RiskTruncateP(0.05,0.95),_xll.RiskName("Halflife"),_xll.RiskUnits("d")))))} -> #NAME? | U79: =U78+S78-T78 -> #NAME? | V79: {=(U79*_xll.RiskNormal('SW7'!C$3,'SW7'!D$3,_xll.RiskTruncateP(0.05,0.95),_xll.RiskName("PFAS MUSCLE FRAC"))/(B79*_xll.RiskNormal('SW7'!C$4,'SW7'!E$4,_xll.RiskTruncateP(0.05,0.95),_xll.RiskName("MUSCLE BW FRAC"))))/1000} -> #NAME? | W79: {=V79/_xll.RiskNormal('SW7'!C$5,'SW7'!D$5,_xll.RiskTruncateP(0.05,0.95),_xll.RiskName("Serum Part"))} -> #NAME?
A80: =A79+1 -> 77 | B80: {=B79+_xll.RiskNormal(0.5584 + 2*0.001787*A80 -3*0.00000155*A80^2 - 4*0.00000000133*A80^3,0.35*(0.5584 + 2*0.001787*A80 -3*0.00000155*A80^2 - 4*0.00000000133*A80^3),_xll.RiskTruncateP(0.05,0.95),_xll.RiskName("BW Gain"),_xll.RiskUnits("kg"))} -> #NAME? | C80: {=_xll.RiskNormal(30,30*0.3941,_xll.RiskTruncateP(0.05,0.95),_xll.RiskName("Diet 2 Feed"),_xll.RiskUnits("ng/kg dry"))} -> #NAME? | D80: {=_xll.RiskNormal(310,310*0.282,_xll.RiskTruncateP(0.05,0.95),_xll.RiskName("Diet 2 Soil"),_xll.RiskUnits("ng/kg dry"))} -> #NAME? | E80: 1.3 | F80: {=_xll.RiskNormal((-0.0001*A80^2+0.0196*A80+11.697),(-0.0001*A80^2+0.0196*A80+11.697)*0.062,_xll.RiskTruncateP(0.05,0.95),_xll.RiskName("DMI Cow"),_xll.RiskUnits("kg"))} -> #NAME? | G80: =F80*0.0243 -> #NAME? | H80: {=_xll.RiskNormal('SW7'!C$12,'SW7'!D$12,_xll.RiskTruncateP(0.05,0.95),_xll.RiskName("Water Intake Cow"),_xll.RiskUnits("L"))} -> #NAME? | I80: =F80*C80+G80*D80+H80*E80 -> #NAME? | J80: =I80*0.0213 -> #NAME? | K80: {=_xll.RiskNormal(-0.0000000257*A80^4+0.0000163*A80^3-0.003686*A80^2+0.3024*A80+1.445,(-0.0000000257*A80^4+0.0000163*A80^3-0.003686*A80^2+0.3024*A80+1.445)*0.355,_xll.RiskTruncateP(0.05,0.95),_xll.RiskName("Milk Intake"),_xll.RiskUnits("kg"))} -> #NAME? | L80: {=_xll.RiskNormal(5.4702*LN(A80)-22.889,(5.4702*LN(A80)-22.889)*0.35,_xll.RiskTruncateP(0.05,0.95),_xll.RiskName("DMI"),_xll.RiskUnits("kg"))} -> #NAME? | M80: {=_xll.RiskNormal(0.0243*L80,0.005*L80,_xll.RiskTruncateP(0.05,0.95),_xll.RiskName("Soil Intake"),_xll.RiskUnits("kg"))} -> #NAME? | N80: =4*L80 -> #NAME? | O80: =J80*K80 -> #NAME? | P80: =C80*L80 -> #NAME? | Q80: =D80*M80 -> #NAME? | R80: =E80*N80 -> #NAME? | S80: =SUM(O80:R80) -> #NAME? | T80: {=U79-(U79*(0.5^(1/_xll.RiskNormal('SW7'!C$2,'SW7'!D$2,_xll.RiskTruncateP(0.05,0.95),_xll.RiskName("Halflife"),_xll.RiskUnits("d")))))} -> #NAME? | U80: =U79+S79-T79 -> #NAME? | V80: {=(U80*_xll.RiskNormal('SW7'!C$3,'SW7'!D$3,_xll.RiskTruncateP(0.05,0.95),_xll.RiskName("PFAS MUSCLE FRAC"))/(B80*_xll.RiskNormal('SW7'!C$4,'SW7'!E$4,_xll.RiskTruncateP(0.05,0.95),_xll.RiskName("MUSCLE BW FRAC"))))/1000} -> #NAME? | W80: {=V80/_xll.RiskNormal('SW7'!C$5,'SW7'!D$5,_xll.RiskTruncateP(0.05,0.95),_xll.RiskName("Serum Part"))} -> #NAME?
... A93: =A92+1 -> 90 | B93: {=B92+_xll.RiskNormal(0.5584 + 2*0.001787*A93 -3*0.00000155*A93^2 - 4*0.00000000133*A93^3,0.35*(0.5584 + 2*0.001787*A93 -3*0.00000155*A93^2 - 4*0.00000000133*A93^3),_xll.RiskTruncateP(0.05,0.95),_xll.RiskName("BW Gain"),_xll.RiskUnits("kg"))} -> #NAME? | C93: {=_xll.RiskNormal(30,30*0.3941,_xll.RiskTruncateP(0.05,0.95),_xll.RiskName("Diet 2 Feed"),_xll.RiskUnits("ng/kg dry"))} -> #NAME? | D93: {=_xll.RiskNormal(310,310*0.282,_xll.RiskTruncateP(0.05,0.95),_xll.RiskName("Diet 2 Soil"),_xll.RiskUnits("ng/kg dry"))} -> #NAME? | E93: 1.3 | F93: {=_xll.RiskNormal((-0.0001*A93^2+0.0196*A93+11.697),(-0.0001*A93^2+0.0196*A93+11.697)*0.062,_xll.RiskTruncateP(0.05,0.95),_xll.RiskName("DMI Cow"),_xll.RiskUnits("kg"))} -> #NAME? | G93: =F93*0.0243 -> #NAME? | H93: {=_xll.RiskNormal('SW7'!C$12,'SW7'!D$12,_xll.RiskTruncateP(0.05,0.95),_xll.RiskName("Water Intake Cow"),_xll.RiskUnits("L"))} -> #NAME? | I93: =F93*C93+G93*D93+H93*E93 -> #NAME? | J93: =I93*0.0213 -> #NAME? | K93: {=_xll.RiskNormal(-0.0000000257*A93^4+0.0000163*A93^3-0.003686*A93^2+0.3024*A93+1.445,(-0.0000000257*A93^4+0.0000163*A93^3-0.003686*A93^2+0.3024*A93+1.445)*0.355,_xll.RiskTruncateP(0.05,0.95),_xll.RiskName("Milk Intake"),_xll.RiskUnits("kg"))} -> #NAME? | L93: {=_xll.RiskNormal(5.4702*LN(A93)-22.889,(5.4702*LN(A93)-22.889)*0.35,_xll.RiskTruncateP(0.05,0.95),_xll.RiskName("DMI"),_xll.RiskUnits("kg"))} -> #NAME? | M93: {=_xll.RiskNormal(0.0243*L93,0.005*L93,_xll.RiskTruncateP(0.05,0.95),_xll.RiskName("Soil Intake"),_xll.RiskUnits("kg"))} -> #NAME? | N93: =4*L93 -> #NAME? | O93: =J93*K93 -> #NAME? | P93: =C93*L93 -> #NAME? | Q93: =D93*M93 -> #NAME? | R93: =E93*N93 -> #NAME? | S93: =SUM(O93:R93) -> #NAME? | T93: {=U92-(U92*(0.5^(1/_xll.RiskNormal('SW7'!C$2,'SW7'!D$2,_xll.RiskTruncateP(0.05,0.95),_xll.RiskName("Halflife"),_xll.RiskUnits("d")))))} -> #NAME? | U93: =U92+S92-T92 -> #NAME? | V93: {=(U93*_xll.RiskNormal('SW7'!C$3,'SW7'!D$3,_xll.RiskTruncateP(0.05,0.95),_xll.RiskName("PFAS MUSCLE FRAC"))/(B93*_xll.RiskNormal('SW7'!C$4,'SW7'!E$4,_xll.RiskTruncateP(0.05,0.95),_xll.RiskName("MUSCLE BW FRAC"))))/1000} -> #NAME? | W93: {=V93/_xll.RiskNormal('SW7'!C$5,'SW7'!D$5,_xll.RiskTruncateP(0.05,0.95),_xll.RiskName("Serum Part"))} -> #NAME?
A94: =A93+1 -> 91 | B94: {=B93+_xll.RiskNormal(0.5584 + 2*0.001787*A94 -3*0.00000155*A94^2 - 4*0.00000000133*A94^3,0.35*(0.5584 + 2*0.001787*A94 -3*0.00000155*A94^2 - 4*0.00000000133*A94^3),_xll.RiskTruncateP(0.05,0.95),_xll.RiskName("BW Gain"),_xll.RiskUnits("kg"))} -> #NAME? | C94: {=_xll.RiskNormal(3800,3800*0.3941,_xll.RiskTruncateP(0.05,0.95),_xll.RiskName("Diet 3 Feed"),_xll.RiskUnits("ng/kg dry"))} -> #NAME? | D94: {=_xll.RiskNormal(14900,14900*0.282,_xll.RiskTruncateP(0.05,0.95),_xll.RiskName("Diet 2 Soil"),_xll.RiskUnits("ng/kg dry"))} -> #NAME? | E94: 1.3 | F94: {=_xll.RiskNormal((-0.0001*A94^2+0.0196*A94+11.697),(-0.0001*A94^2+0.0196*A94+11.697)*0.062,_xll.RiskTruncateP(0.05,0.95),_xll.RiskName("DMI Cow"),_xll.RiskUnits("kg"))} -> #NAME? | G94: =F94*0.0243 -> #NAME? | H94: {=_xll.RiskNormal('SW7'!C$12,'SW7'!D$12,_xll.RiskTruncateP(0.05,0.95),_xll.RiskName("Water Intake Cow"),_xll.RiskUnits("L"))} -> #NAME? | I94: =F94*C94+G94*D94+H94*E94 -> #NAME? | J94: =I94*0.0213 -> #NAME? | K94: {=_xll.RiskNormal(-0.0000000257*A94^4+0.0000163*A94^3-0.003686*A94^2+0.3024*A94+1.445,(-0.0000000257*A94^4+0.0000163*A94^3-0.003686*A94^2+0.3024*A94+1.445)*0.355,_xll.RiskTruncateP(0.05,0.95),_xll.RiskName("Milk Intake"),_xll.RiskUnits("kg"))} -> #NAME? | L94: {=_xll.RiskNormal(5.4702*LN(A94)-22.889,(5.4702*LN(A94)-22.889)*0.35,_xll.RiskTruncateP(0.05,0.95),_xll.RiskName("DMI"),_xll.RiskUnits("kg"))} -> #NAME? | M94: {=_xll.RiskNormal(0.0243*L94,0.005*L94,_xll.RiskTruncateP(0.05,0.95),_xll.RiskName("Soil Intake"),_xll.RiskUnits("kg"))} -> #NAME? | N94: =4*L94 -> #NAME? | O94: =J94*K94 -> #NAME? | P94: =C94*L94 -> #NAME? | Q94: =D94*M94 -> #NAME? | R94: =E94*N94 -> #NAME? | S94: =SUM(O94:R94) -> #NAME? | T94: {=U93-(U93*(0.5^(1/_xll.RiskNormal('SW7'!C$2,'SW7'!D$2,_xll.RiskTruncateP(0.05,0.95),_xll.RiskName("Halflife"),_xll.RiskUnits("d")))))} -> #NAME? | U94: =U93+S93-T93 -> #NAME? | V94: {=(U94*_xll.RiskNormal('SW7'!C$3,'SW7'!D$3,_xll.RiskTruncateP(0.05,0.95),_xll.RiskName("PFAS MUSCLE FRAC"))/(B94*_xll.RiskNormal('SW7'!C$4,'SW7'!E$4,_xll.RiskTruncateP(0.05,0.95),_xll.RiskName("MUSCLE BW FRAC"))))/1000} -> #NAME? | W94: {=V94/_xll.RiskNormal('SW7'!C$5,'SW7'!D$5,_xll.RiskTruncateP(0.05,0.95),_xll.RiskName("Serum Part"))} -> #NAME?
A95: =A94+1 -> 92 | B95: {=B94+_xll.RiskNormal(0.5584 + 2*0.001787*A95 -3*0.00000155*A95^2 - 4*0.00000000133*A95^3,0.35*(0.5584 + 2*0.001787*A95 -3*0.00000155*A95^2 - 4*0.00000000133*A95^3),_xll.RiskTruncateP(0.05,0.95),_xll.RiskName("BW Gain"),_xll.RiskUnits("kg"))} -> #NAME? | C95: {=_xll.RiskNormal(3800,3800*0.3941,_xll.RiskTruncateP(0.05,0.95),_xll.RiskName("Diet 3 Feed"),_xll.RiskUnits("ng/kg dry"))} -> #NAME? | D95: {=_xll.RiskNormal(14900,14900*0.282,_xll.RiskTruncateP(0.05,0.95),_xll.RiskName("Diet 2 Soil"),_xll.RiskUnits("ng/kg dry"))} -> #NAME? | E95: 1.3 | F95: {=_xll.RiskNormal((-0.0001*A95^2+0.0196*A95+11.697),(-0.0001*A95^2+0.0196*A95+11.697)*0.062,_xll.RiskTruncateP(0.05,0.95),_xll.RiskName("DMI Cow"),_xll.RiskUnits("kg"))} -> #NAME? | G95: =F95*0.0243 -> #NAME? | H95: {=_xll.RiskNormal('SW7'!C$12,'SW7'!D$12,_xll.RiskTruncateP(0.05,0.95),_xll.RiskName("Water Intake Cow"),_xll.RiskUnits("L"))} -> #NAME? | I95: =F95*C95+G95*D95+H95*E95 -> #NAME? | J95: =I95*0.0213 -> #NAME? | K95: {=_xll.RiskNormal(-0.0000000257*A95^4+0.0000163*A95^3-0.003686*A95^2+0.3024*A95+1.445,(-0.0000000257*A95^4+0.0000163*A95^3-0.003686*A95^2+0.3024*A95+1.445)*0.355,_xll.RiskTruncateP(0.05,0.95),_xll.RiskName("Milk Intake"),_xll.RiskUnits("kg"))} -> #NAME? | L95: {=_xll.RiskNormal(5.4702*LN(A95)-22.889,(5.4702*LN(A95)-22.889)*0.35,_xll.RiskTruncateP(0.05,0.95),_xll.RiskName("DMI"),_xll.RiskUnits("kg"))} -> #NAME? | M95: {=_xll.RiskNormal(0.0243*L95,0.005*L95,_xll.RiskTruncateP(0.05,0.95),_xll.RiskName("Soil Intake"),_xll.RiskUnits("kg"))} -> #NAME? | N95: =4*L95 -> #NAME? | O95: =J95*K95 -> #NAME? | P95: =C95*L95 -> #NAME? | Q95: =D95*M95 -> #NAME? | R95: =E95*N95 -> #NAME? | S95: =SUM(O95:R95) -> #NAME? | T95: {=U94-(U94*(0.5^(1/_xll.RiskNormal('SW7'!C$2,'SW7'!D$2,_xll.RiskTruncateP(0.05,0.95),_xll.RiskName("Halflife"),_xll.RiskUnits("d")))))} -> #NAME? | U95: =U94+S94-T94 -> #NAME? | V95: {=(U95*_xll.RiskNormal('SW7'!C$3,'SW7'!D$3,_xll.RiskTruncateP(0.05,0.95),_xll.RiskName("PFAS MUSCLE FRAC"))/(B95*_xll.RiskNormal('SW7'!C$4,'SW7'!E$4,_xll.RiskTruncateP(0.05,0.95),_xll.RiskName("MUSCLE BW FRAC"))))/1000} -> #NAME? | W95: {=V95/_xll.RiskNormal('SW7'!C$5,'SW7'!D$5,_xll.RiskTruncateP(0.05,0.95),_xll.RiskName("Serum Part"))} -> #NAME?
A96: =A95+1 -> 93 | B96: {=B95+_xll.RiskNormal(0.5584 + 2*0.001787*A96 -3*0.00000155*A96^2 - 4*0.00000000133*A96^3,0.35*(0.5584 + 2*0.001787*A96 -3*0.00000155*A96^2 - 4*0.00000000133*A96^3),_xll.RiskTruncateP(0.05,0.95),_xll.RiskName("BW Gain"),_xll.RiskUnits("kg"))} -> #NAME? | C96: {=_xll.RiskNormal(3800,3800*0.3941,_xll.RiskTruncateP(0.05,0.95),_xll.RiskName("Diet 3 Feed"),_xll.RiskUnits("ng/kg dry"))} -> #NAME? | D96: {=_xll.RiskNormal(14900,14900*0.282,_xll.RiskTruncateP(0.05,0.95),_xll.RiskName("Diet 2 Soil"),_xll.RiskUnits("ng/kg dry"))} -> #NAME? | E96: 1.3 | F96: {=_xll.RiskNormal((-0.0001*A96^2+0.0196*A96+11.697),(-0.0001*A96^2+0.0196*A96+11.697)*0.062,_xll.RiskTruncateP(0.05,0.95),_xll.RiskName("DMI Cow"),_xll.RiskUnits("kg"))} -> #NAME? | G96: =F96*0.0243 -> #NAME? | H96: {=_xll.RiskNormal('SW7'!C$12,'SW7'!D$12,_xll.RiskTruncateP(0.05,0.95),_xll.RiskName("Water Intake Cow"),_xll.RiskUnits("L"))} -> #NAME? | I96: =F96*C96+G96*D96+H96*E96 -> #NAME? | J96: =I96*0.0213 -> #NAME? | K96: {=_xll.RiskNormal(-0.0000000257*A96^4+0.0000163*A96^3-0.003686*A96^2+0.3024*A96+1.445,(-0.0000000257*A96^4+0.0000163*A96^3-0.003686*A96^2+0.3024*A96+1.445)*0.355,_xll.RiskTruncateP(0.05,0.95),_xll.RiskName("Milk Intake"),_xll.RiskUnits("kg"))} -> #NAME? | L96: {=_xll.RiskNormal(5.4702*LN(A96)-22.889,(5.4702*LN(A96)-22.889)*0.35,_xll.RiskTruncateP(0.05,0.95),_xll.RiskName("DMI"),_xll.RiskUnits("kg"))} -> #NAME? | M96: {=_xll.RiskNormal(0.0243*L96,0.005*L96,_xll.RiskTruncateP(0.05,0.95),_xll.RiskName("Soil Intake"),_xll.RiskUnits("kg"))} -> #NAME? | N96: =4*L96 -> #NAME? | O96: =J96*K96 -> #NAME? | P96: =C96*L96 -> #NAME? | Q96: =D96*M96 -> #NAME? | R96: =E96*N96 -> #NAME? | S96: =SUM(O96:R96) -> #NAME? | T96: {=U95-(U95*(0.5^(1/_xll.RiskNormal('SW7'!C$2,'SW7'!D$2,_xll.RiskTruncateP(0.05,0.95),_xll.RiskName("Halflife"),_xll.RiskUnits("d")))))} -> #NAME? | U96: =U95+S95-T95 -> #NAME? | V96: {=(U96*_xll.RiskNormal('SW7'!C$3,'SW7'!D$3,_xll.RiskTruncateP(0.05,0.95),_xll.RiskName("PFAS MUSCLE FRAC"))/(B96*_xll.RiskNormal('SW7'!C$4,'SW7'!E$4,_xll.RiskTruncateP(0.05,0.95),_xll.RiskName("MUSCLE BW FRAC"))))/1000} -> #NAME? | W96: {=V96/_xll.RiskNormal('SW7'!C$5,'SW7'!D$5,_xll.RiskTruncateP(0.05,0.95),_xll.RiskName("Serum Part"))} -> #NAME?
A97: =A96+1 -> 94 | B97: {=B96+_xll.RiskNormal(0.5584 + 2*0.001787*A97 -3*0.00000155*A97^2 - 4*0.00000000133*A97^3,0.35*(0.5584 + 2*0.001787*A97 -3*0.00000155*A97^2 - 4*0.00000000133*A97^3),_xll.RiskTruncateP(0.05,0.95),_xll.RiskName("BW Gain"),_xll.RiskUnits("kg"))} -> #NAME? | C97: {=_xll.RiskNormal(3800,3800*0.3941,_xll.RiskTruncateP(0.05,0.95),_xll.RiskName("Diet 3 Feed"),_xll.RiskUnits("ng/kg dry"))} -> #NAME? | D97: {=_xll.RiskNormal(14900,14900*0.282,_xll.RiskTruncateP(0.05,0.95),_xll.RiskName("Diet 2 Soil"),_xll.RiskUnits("ng/kg dry"))} -> #NAME? | E97: 1.3 | F97: {=_xll.RiskNormal((-0.0001*A97^2+0.0196*A97+11.697),(-0.0001*A97^2+0.0196*A97+11.697)*0.062,_xll.RiskTruncateP(0.05,0.95),_xll.RiskName("DMI Cow"),_xll.RiskUnits("kg"))} -> #NAME? | G97: =F97*0.0243 -> #NAME? | H97: {=_xll.RiskNormal('SW7'!C$12,'SW7'!D$12,_xll.RiskTruncateP(0.05,0.95),_xll.RiskName("Water Intake Cow"),_xll.RiskUnits("L"))} -> #NAME? | I97: =F97*C97+G97*D97+H97*E97 -> #NAME? | J97: =I97*0.0213 -> #NAME? | K97: {=_xll.RiskNormal(-0.0000000257*A97^4+0.0000163*A97^3-0.003686*A97^2+0.3024*A97+1.445,(-0.0000000257*A97^4+0.0000163*A97^3-0.003686*A97^2+0.3024*A97+1.445)*0.355,_xll.RiskTruncateP(0.05,0.95),_xll.RiskName("Milk Intake"),_xll.RiskUnits("kg"))} -> #NAME? | L97: {=_xll.RiskNormal(5.4702*LN(A97)-22.889,(5.4702*LN(A97)-22.889)*0.35,_xll.RiskTruncateP(0.05,0.95),_xll.RiskName("DMI"),_xll.RiskUnits("kg"))} -> #NAME? | M97: {=_xll.RiskNormal(0.0243*L97,0.005*L97,_xll.RiskTruncateP(0.05,0.95),_xll.RiskName("Soil Intake"),_xll.RiskUnits("kg"))} -> #NAME? | N97: =4*L97 -> #NAME? | O97: =J97*K97 -> #NAME? | P97: =C97*L97 -> #NAME? | Q97: =D97*M97 -> #NAME? | R97: =E97*N97 -> #NAME? | S97: =SUM(O97:R97) -> #NAME? | T97: {=U96-(U96*(0.5^(1/_xll.RiskNormal('SW7'!C$2,'SW7'!D$2,_xll.RiskTruncateP(0.05,0.95),_xll.RiskName("Halflife"),_xll.RiskUnits("d")))))} -> #NAME? | U97: =U96+S96-T96 -> #NAME? | V97: {=(U97*_xll.RiskNormal('SW7'!C$3,'SW7'!D$3,_xll.RiskTruncateP(0.05,0.95),_xll.RiskName("PFAS MUSCLE FRAC"))/(B97*_xll.RiskNormal('SW7'!C$4,'SW7'!E$4,_xll.RiskTruncateP(0.05,0.95),_xll.RiskName("MUSCLE BW FRAC"))))/1000} -> #NAME? | W97: {=V97/_xll.RiskNormal('SW7'!C$5,'SW7'!D$5,_xll.RiskTruncateP(0.05,0.95),_xll.RiskName("Serum Part"))} -> #NAME?
A98: =A97+1 -> 95 | B98: {=B97+_xll.RiskNormal(0.5584 + 2*0.001787*A98 -3*0.00000155*A98^2 - 4*0.00000000133*A98^3,0.35*(0.5584 + 2*0.001787*A98 -3*0.00000155*A98^2 - 4*0.00000000133*A98^3),_xll.RiskTruncateP(0.05,0.95),_xll.RiskName("BW Gain"),_xll.RiskUnits("kg"))} -> #NAME? | C98: {=_xll.RiskNormal(3800,3800*0.3941,_xll.RiskTruncateP(0.05,0.95),_xll.RiskName("Diet 3 Feed"),_xll.RiskUnits("ng/kg dry"))} -> #NAME? | D98: {=_xll.RiskNormal(14900,14900*0.282,_xll.RiskTruncateP(0.05,0.95),_xll.RiskName("Diet 2 Soil"),_xll.RiskUnits("ng/kg dry"))} -> #NAME? | E98: 1.3 | F98: {=_xll.RiskNormal((-0.0001*A98^2+0.0196*A98+11.697),(-0.0001*A98^2+0.0196*A98+11.697)*0.062,_xll.RiskTruncateP(0.05,0.95),_xll.RiskName("DMI Cow"),_xll.RiskUnits("kg"))} -> #NAME? | G98: =F98*0.0243 -> #NAME? | H98: {=_xll.RiskNormal('SW7'!C$12,'SW7'!D$12,_xll.RiskTruncateP(0.05,0.95),_xll.RiskName("Water Intake Cow"),_xll.RiskUnits("L"))} -> #NAME? | I98: =F98*C98+G98*D98+H98*E98 -> #NAME? | J98: =I98*0.0213 -> #NAME? | K98: {=_xll.RiskNormal(-0.0000000257*A98^4+0.0000163*A98^3-0.003686*A98^2+0.3024*A98+1.445,(-0.0000000257*A98^4+0.0000163*A98^3-0.003686*A98^2+0.3024*A98+1.445)*0.355,_xll.RiskTruncateP(0.05,0.95),_xll.RiskName("Milk Intake"),_xll.RiskUnits("kg"))} -> #NAME? | L98: {=_xll.RiskNormal(5.4702*LN(A98)-22.889,(5.4702*LN(A98)-22.889)*0.35,_xll.RiskTruncateP(0.05,0.95),_xll.RiskName("DMI"),_xll.RiskUnits("kg"))} -> #NAME? | M98: {=_xll.RiskNormal(0.0243*L98,0.005*L98,_xll.RiskTruncateP(0.05,0.95),_xll.RiskName("Soil Intake"),_xll.RiskUnits("kg"))} -> #NAME? | N98: =4*L98 -> #NAME? | O98: =J98*K98 -> #NAME? | P98: =C98*L98 -> #NAME? | Q98: =D98*M98 -> #NAME? | R98: =E98*N98 -> #NAME? | S98: =SUM(O98:R98) -> #NAME? | T98: {=U97-(U97*(0.5^(1/_xll.RiskNormal('SW7'!C$2,'SW7'!D$2,_xll.RiskTruncateP(0.05,0.95),_xll.RiskName("Halflife"),_xll.RiskUnits("d")))))} -> #NAME? | U98: =U97+S97-T97 -> #NAME? | V98: {=(U98*_xll.RiskNormal('SW7'!C$3,'SW7'!D$3,_xll.RiskTruncateP(0.05,0.95),_xll.RiskName("PFAS MUSCLE FRAC"))/(B98*_xll.RiskNormal('SW7'!C$4,'SW7'!E$4,_xll.RiskTruncateP(0.05,0.95),_xll.RiskName("MUSCLE BW FRAC"))))/1000} -> #NAME? | W98: {=V98/_xll.RiskNormal('SW7'!C$5,'SW7'!D$5,_xll.RiskTruncateP(0.05,0.95),_xll.RiskName("Serum Part"))} -> #NAME?
A99: =A98+1 -> 96 | B99: {=B98+_xll.RiskNormal(0.5584 + 2*0.001787*A99 -3*0.00000155*A99^2 - 4*0.00000000133*A99^3,0.35*(0.5584 + 2*0.001787*A99 -3*0.00000155*A99^2 - 4*0.00000000133*A99^3),_xll.RiskTruncateP(0.05,0.95),_xll.RiskName("BW Gain"),_xll.RiskUnits("kg"))} -> #NAME? | C99: {=_xll.RiskNormal(3800,3800*0.3941,_xll.RiskTruncateP(0.05,0.95),_xll.RiskName("Diet 3 Feed"),_xll.RiskUnits("ng/kg dry"))} -> #NAME? | D99: {=_xll.RiskNormal(14900,14900*0.282,_xll.RiskTruncateP(0.05,0.95),_xll.RiskName("Diet 2 Soil"),_xll.RiskUnits("ng/kg dry"))} -> #NAME? | E99: 1.3 | F99: {=_xll.RiskNormal((-0.0001*A99^2+0.0196*A99+11.697),(-0.0001*A99^2+0.0196*A99+11.697)*0.062,_xll.RiskTruncateP(0.05,0.95),_xll.RiskName("DMI Cow"),_xll.RiskUnits("kg"))} -> #NAME? | G99: =F99*0.0243 -> #NAME? | H99: {=_xll.RiskNormal('SW7'!C$12,'SW7'!D$12,_xll.RiskTruncateP(0.05,0.95),_xll.RiskName("Water Intake Cow"),_xll.RiskUnits("L"))} -> #NAME? | I99: =F99*C99+G99*D99+H99*E99 -> #NAME? | J99: =I99*0.0213 -> #NAME? | K99: {=_xll.RiskNormal(-0.0000000257*A99^4+0.0000163*A99^3-0.003686*A99^2+0.3024*A99+1.445,(-0.0000000257*A99^4+0.0000163*A99^3-0.003686*A99^2+0.3024*A99+1.445)*0.355,_xll.RiskTruncateP(0.05,0.95),_xll.RiskName("Milk Intake"),_xll.RiskUnits("kg"))} -> #NAME? | L99: {=_xll.RiskNormal(5.4702*LN(A99)-22.889,(5.4702*LN(A99)-22.889)*0.35,_xll.RiskTruncateP(0.05,0.95),_xll.RiskName("DMI"),_xll.RiskUnits("kg"))} -> #NAME? | M99: {=_xll.RiskNormal(0.0243*L99,0.005*L99,_xll.RiskTruncateP(0.05,0.95),_xll.RiskName("Soil Intake"),_xll.RiskUnits("kg"))} -> #NAME? | N99: =4*L99 -> #NAME? | O99: =J99*K99 -> #NAME? | P99: =C99*L99 -> #NAME? | Q99: =D99*M99 -> #NAME? | R99: =E99*N99 -> #NAME? | S99: =SUM(O99:R99) -> #NAME? | T99: {=U98-(U98*(0.5^(1/_xll.RiskNormal('SW7'!C$2,'SW7'!D$2,_xll.RiskTruncateP(0.05,0.95),_xll.RiskName("Halflife"),_xll.RiskUnits("d")))))} -> #NAME? | U99: =U98+S98-T98 -> #NAME? | V99: {=(U99*_xll.RiskNormal('SW7'!C$3,'SW7'!D$3,_xll.RiskTruncateP(0.05,0.95),_xll.RiskName("PFAS MUSCLE FRAC"))/(B99*_xll.RiskNormal('SW7'!C$4,'SW7'!E$4,_xll.RiskTruncateP(0.05,0.95),_xll.RiskName("MUSCLE BW FRAC"))))/1000} -> #NAME? | W99: {=V99/_xll.RiskNormal('SW7'!C$5,'SW7'!D$5,_xll.RiskTruncateP(0.05,0.95),_xll.RiskName("Serum Part"))} -> #NAME?
A100: =A99+1 -> 97 | B100: {=B99+_xll.RiskNormal(0.5584 + 2*0.001787*A100 -3*0.00000155*A100^2 - 4*0.00000000133*A100^3,0.35*(0.5584 + 2*0.001787*A100 -3*0.00000155*A100^2 - 4*0.00000000133*A100^3),_xll.RiskTruncateP(0.05,0.95),_xll.RiskName("BW Gain"),_xll.RiskUnits("kg"))} -> #NAME? | C100: {=_xll.RiskNormal(3800,3800*0.3941,_xll.RiskTruncateP(0.05,0.95),_xll.RiskName("Diet 3 Feed"),_xll.RiskUnits("ng/kg dry"))} -> #NAME? | D100: {=_xll.RiskNormal(14900,14900*0.282,_xll.RiskTruncateP(0.05,0.95),_xll.RiskName("Diet 2 Soil"),_xll.RiskUnits("ng/kg dry"))} -> #NAME? | E100: 1.3 | F100: {=_xll.RiskNormal((-0.0001*A100^2+0.0196*A100+11.697),(-0.0001*A100^2+0.0196*A100+11.697)*0.062,_xll.RiskTruncateP(0.05,0.95),_xll.RiskName("DMI Cow"),_xll.RiskUnits("kg"))} -> #NAME? | G100: =F100*0.0243 -> #NAME? | H100: {=_xll.RiskNormal('SW7'!C$12,'SW7'!D$12,_xll.RiskTruncateP(0.05,0.95),_xll.RiskName("Water Intake Cow"),_xll.RiskUnits("L"))} -> #NAME? | I100: =F100*C100+G100*D100+H100*E100 -> #NAME? | J100: =I100*0.0213 -> #NAME? | K100: {=_xll.RiskNormal(-0.0000000257*A100^4+0.0000163*A100^3-0.003686*A100^2+0.3024*A100+1.445,(-0.0000000257*A100^4+0.0000163*A100^3-0.003686*A100^2+0.3024*A100+1.445)*0.355,_xll.RiskTruncateP(0.05,0.95),_xll.RiskName("Milk Intake"),_xll.RiskUnits("kg"))} -> #NAME? | L100: {=_xll.RiskNormal(5.4702*LN(A100)-22.889,(5.4702*LN(A100)-22.889)*0.35,_xll.RiskTruncateP(0.05,0.95),_xll.RiskName("DMI"),_xll.RiskUnits("kg"))} -> #NAME? | M100: {=_xll.RiskNormal(0.0243*L100,0.005*L100,_xll.RiskTruncateP(0.05,0.95),_xll.RiskName("Soil Intake"),_xll.RiskUnits("kg"))} -> #NAME? | N100: =4*L100 -> #NAME? | O100: =J100*K100 -> #NAME? | P100: =C100*L100 -> #NAME? | Q100: =D100*M100 -> #NAME? | R100: =E100*N100 -> #NAME? | S100: =SUM(O100:R100) -> #NAME? | T100: {=U99-(U99*(0.5^(1/_xll.RiskNormal('SW7'!C$2,'SW7'!D$2,_xll.RiskTruncateP(0.05,0.95),_xll.RiskName("Halflife"),_xll.RiskUnits("d")))))} -> #NAME? | U100: =U99+S99-T99 -> #NAME? | V100: {=(U100*_xll.RiskNormal('SW7'!C$3,'SW7'!D$3,_xll.RiskTruncateP(0.05,0.95),_xll.RiskName("PFAS MUSCLE FRAC"))/(B100*_xll.RiskNormal('SW7'!C$4,'SW7'!E$4,_xll.RiskTruncateP(0.05,0.95),_xll.RiskName("MUSCLE BW FRAC"))))/1000} -> #NAME? | W100: {=V100/_xll.RiskNormal('SW7'!C$5,'SW7'!D$5,_xll.RiskTruncateP(0.05,0.95),_xll.RiskName("Serum Part"))} -> #NAME?
A101: =A100+1 -> 98 | B101: {=B100+_xll.RiskNormal(0.5584 + 2*0.001787*A101 -3*0.00000155*A101^2 - 4*0.00000000133*A101^3,0.35*(0.5584 + 2*0.001787*A101 -3*0.00000155*A101^2 - 4*0.00000000133*A101^3),_xll.RiskTruncateP(0.05,0.95),_xll.RiskName("BW Gain"),_xll.RiskUnits("kg"))} -> #NAME? | C101: {=_xll.RiskNormal(3800,3800*0.3941,_xll.RiskTruncateP(0.05,0.95),_xll.RiskName("Diet 3 Feed"),_xll.RiskUnits("ng/kg dry"))} -> #NAME? | D101: {=_xll.RiskNormal(14900,14900*0.282,_xll.RiskTruncateP(0.05,0.95),_xll.RiskName("Diet 2 Soil"),_xll.RiskUnits("ng/kg dry"))} -> #NAME? | E101: 1.3 | F101: {=_xll.RiskNormal((-0.0001*A101^2+0.0196*A101+11.697),(-0.0001*A101^2+0.0196*A101+11.697)*0.062,_xll.RiskTruncateP(0.05,0.95),_xll.RiskName("DMI Cow"),_xll.RiskUnits("kg"))} -> #NAME? | G101: =F101*0.0243 -> #NAME? | H101: {=_xll.RiskNormal('SW7'!C$12,'SW7'!D$12,_xll.RiskTruncateP(0.05,0.95),_xll.RiskName("Water Intake Cow"),_xll.RiskUnits("L"))} -> #NAME? | I101: =F101*C101+G101*D101+H101*E101 -> #NAME? | J101: =I101*0.0213 -> #NAME? | K101: {=_xll.RiskNormal(-0.0000000257*A101^4+0.0000163*A101^3-0.003686*A101^2+0.3024*A101+1.445,(-0.0000000257*A101^4+0.0000163*A101^3-0.003686*A101^2+0.3024*A101+1.445)*0.355,_xll.RiskTruncateP(0.05,0.95),_xll.RiskName("Milk Intake"),_xll.RiskUnits("kg"))} -> #NAME? | L101: {=_xll.RiskNormal(5.4702*LN(A101)-22.889,(5.4702*LN(A101)-22.889)*0.35,_xll.RiskTruncateP(0.05,0.95),_xll.RiskName("DMI"),_xll.RiskUnits("kg"))} -> #NAME? | M101: {=_xll.RiskNormal(0.0243*L101,0.005*L101,_xll.RiskTruncateP(0.05,0.95),_xll.RiskName("Soil Intake"),_xll.RiskUnits("kg"))} -> #NAME? | N101: =4*L101 -> #NAME? | O101: =J101*K101 -> #NAME? | P101: =C101*L101 -> #NAME? | Q101: =D101*M101 -> #NAME? | R101: =E101*N101 -> #NAME? | S101: =SUM(O101:R101) -> #NAME? | T101: {=U100-(U100*(0.5^(1/_xll.RiskNormal('SW7'!C$2,'SW7'!D$2,_xll.RiskTruncateP(0.05,0.95),_xll.RiskName("Halflife"),_xll.RiskUnits("d")))))} -> #NAME? | U101: =U100+S100-T100 -> #NAME? | V101: {=(U101*_xll.RiskNormal('SW7'!C$3,'SW7'!D$3,_xll.RiskTruncateP(0.05,0.95),_xll.RiskName("PFAS MUSCLE FRAC"))/(B101*_xll.RiskNormal('SW7'!C$4,'SW7'!E$4,_xll.RiskTruncateP(0.05,0.95),_xll.RiskName("MUSCLE BW FRAC"))))/1000} -> #NAME? | W101: {=V101/_xll.RiskNormal('SW7'!C$5,'SW7'!D$5,_xll.RiskTruncateP(0.05,0.95),_xll.RiskName("Serum Part"))} -> #NAME?
A102: =A101+1 -> 99 | B102: {=B101+_xll.RiskNormal(0.5584 + 2*0.001787*A102 -3*0.00000155*A102^2 - 4*0.00000000133*A102^3,0.35*(0.5584 + 2*0.001787*A102 -3*0.00000155*A102^2 - 4*0.00000000133*A102^3),_xll.RiskTruncateP(0.05,0.95),_xll.RiskName("BW Gain"),_xll.RiskUnits("kg"))} -> #NAME? | C102: {=_xll.RiskNormal(3800,3800*0.3941,_xll.RiskTruncateP(0.05,0.95),_xll.RiskName("Diet 3 Feed"),_xll.RiskUnits("ng/kg dry"))} -> #NAME? | D102: {=_xll.RiskNormal(14900,14900*0.282,_xll.RiskTruncateP(0.05,0.95),_xll.RiskName("Diet 2 Soil"),_xll.RiskUnits("ng/kg dry"))} -> #NAME? | E102: 1.3 | F102: {=_xll.RiskNormal((-0.0001*A102^2+0.0196*A102+11.697),(-0.0001*A102^2+0.0196*A102+11.697)*0.062,_xll.RiskTruncateP(0.05,0.95),_xll.RiskName("DMI Cow"),_xll.RiskUnits("kg"))} -> #NAME? | G102: =F102*0.0243 -> #NAME? | H102: {=_xll.RiskNormal('SW7'!C$12,'SW7'!D$12,_xll.RiskTruncateP(0.05,0.95),_xll.RiskName("Water Intake Cow"),_xll.RiskUnits("L"))} -> #NAME? | I102: =F102*C102+G102*D102+H102*E102 -> #NAME? | J102: =I102*0.0213 -> #NAME? | K102: {=_xll.RiskNormal(-0.0000000257*A102^4+0.0000163*A102^3-0.003686*A102^2+0.3024*A102+1.445,(-0.0000000257*A102^4+0.0000163*A102^3-0.003686*A102^2+0.3024*A102+1.445)*0.355,_xll.RiskTruncateP(0.05,0.95),_xll.RiskName("Milk Intake"),_xll.RiskUnits("kg"))} -> #NAME? | L102: {=_xll.RiskNormal(5.4702*LN(A102)-22.889,(5.4702*LN(A102)-22.889)*0.35,_xll.RiskTruncateP(0.05,0.95),_xll.RiskName("DMI"),_xll.RiskUnits("kg"))} -> #NAME? | M102: {=_xll.RiskNormal(0.0243*L102,0.005*L102,_xll.RiskTruncateP(0.05,0.95),_xll.RiskName("Soil Intake"),_xll.RiskUnits("kg"))} -> #NAME? | N102: =4*L102 -> #NAME? | O102: =J102*K102 -> #NAME? | P102: =C102*L102 -> #NAME? | Q102: =D102*M102 -> #NAME? | R102: =E102*N102 -> #NAME? | S102: =SUM(O102:R102) -> #NAME? | T102: {=U101-(U101*(0.5^(1/_xll.RiskNormal('SW7'!C$2,'SW7'!D$2,_xll.RiskTruncateP(0.05,0.95),_xll.RiskName("Halflife"),_xll.RiskUnits("d")))))} -> #NAME? | U102: =U101+S101-T101 -> #NAME? | V102: {=(U102*_xll.RiskNormal('SW7'!C$3,'SW7'!D$3,_xll.RiskTruncateP(0.05,0.95),_xll.RiskName("PFAS MUSCLE FRAC"))/(B102*_xll.RiskNormal('SW7'!C$4,'SW7'!E$4,_xll.RiskTruncateP(0.05,0.95),_xll.RiskName("MUSCLE BW FRAC"))))/1000} -> #NAME? | W102: {=V102/_xll.RiskNormal('SW7'!C$5,'SW7'!D$5,_xll.RiskTruncateP(0.05,0.95),_xll.RiskName("Serum Part"))} -> #NAME?
A103: =A102+1 -> 100 | B103: {=B102+_xll.RiskNormal(0.5584 + 2*0.001787*A103 -3*0.00000155*A103^2 - 4*0.00000000133*A103^3,0.35*(0.5584 + 2*0.001787*A103 -3*0.00000155*A103^2 - 4*0.00000000133*A103^3),_xll.RiskTruncateP(0.05,0.95),_xll.RiskName("BW Gain"),_xll.RiskUnits("kg"))} -> #NAME? | C103: {=_xll.RiskNormal(3800,3800*0.3941,_xll.RiskTruncateP(0.05,0.95),_xll.RiskName("Diet 3 Feed"),_xll.RiskUnits("ng/kg dry"))} -> #NAME? | D103: {=_xll.RiskNormal(14900,14900*0.282,_xll.RiskTruncateP(0.05,0.95),_xll.RiskName("Diet 2 Soil"),_xll.RiskUnits("ng/kg dry"))} -> #NAME? | E103: 1.3 | F103: {=_xll.RiskNormal((-0.0001*A103^2+0.0196*A103+11.697),(-0.0001*A103^2+0.0196*A103+11.697)*0.062,_xll.RiskTruncateP(0.05,0.95),_xll.RiskName("DMI Cow"),_xll.RiskUnits("kg"))} -> #NAME? | G103: =F103*0.0243 -> #NAME? | H103: {=_xll.RiskNormal('SW7'!C$12,'SW7'!D$12,_xll.RiskTruncateP(0.05,0.95),_xll.RiskName("Water Intake Cow"),_xll.RiskUnits("L"))} -> #NAME? | I103: =F103*C103+G103*D103+H103*E103 -> #NAME? | J103: =I103*0.0213 -> #NAME? | K103: {=_xll.RiskNormal(-0.0000000257*A103^4+0.0000163*A103^3-0.003686*A103^2+0.3024*A103+1.445,(-0.0000000257*A103^4+0.0000163*A103^3-0.003686*A103^2+0.3024*A103+1.445)*0.355,_xll.RiskTruncateP(0.05,0.95),_xll.RiskName("Milk Intake"),_xll.RiskUnits("kg"))} -> #NAME? | L103: {=_xll.RiskNormal(5.4702*LN(A103)-22.889,(5.4702*LN(A103)-22.889)*0.35,_xll.RiskTruncateP(0.05,0.95),_xll.RiskName("DMI"),_xll.RiskUnits("kg"))} -> #NAME? | M103: {=_xll.RiskNormal(0.0243*L103,0.005*L103,_xll.RiskTruncateP(0.05,0.95),_xll.RiskName("Soil Intake"),_xll.RiskUnits("kg"))} -> #NAME? | N103: =4*L103 -> #NAME? | O103: =J103*K103 -> #NAME? | P103: =C103*L103 -> #NAME? | Q103: =D103*M103 -> #NAME? | R103: =E103*N103 -> #NAME? | S103: =SUM(O103:R103) -> #NAME? | T103: {=U102-(U102*(0.5^(1/_xll.RiskNormal('SW7'!C$2,'SW7'!D$2,_xll.RiskTruncateP(0.05,0.95),_xll.RiskName("Halflife"),_xll.RiskUnits("d")))))} -> #NAME? | U103: =U102+S102-T102 -> #NAME? | V103: {=(U103*_xll.RiskNormal('SW7'!C$3,'SW7'!D$3,_xll.RiskTruncateP(0.05,0.95),_xll.RiskName("PFAS MUSCLE FRAC"))/(B103*_xll.RiskNormal('SW7'!C$4,'SW7'!E$4,_xll.RiskTruncateP(0.05,0.95),_xll.RiskName("MUSCLE BW FRAC"))))/1000} -> #NAME? | W103: {=V103/_xll.RiskNormal('SW7'!C$5,'SW7'!D$5,_xll.RiskTruncateP(0.05,0.95),_xll.RiskName("Serum Part"))} -> #NAME?
A104: =A103+1 -> 101 | B104: {=B103+_xll.RiskNormal(0.5584 + 2*0.001787*A104 -3*0.00000155*A104^2 - 4*0.00000000133*A104^3,0.35*(0.5584 + 2*0.001787*A104 -3*0.00000155*A104^2 - 4*0.00000000133*A104^3),_xll.RiskTruncateP(0.05,0.95),_xll.RiskName("BW Gain"),_xll.RiskUnits("kg"))} -> #NAME? | C104: {=_xll.RiskNormal(3800,3800*0.3941,_xll.RiskTruncateP(0.05,0.95),_xll.RiskName("Diet 3 Feed"),_xll.RiskUnits("ng/kg dry"))} -> #NAME? | D104: {=_xll.RiskNormal(14900,14900*0.282,_xll.RiskTruncateP(0.05,0.95),_xll.RiskName("Diet 2 Soil"),_xll.RiskUnits("ng/kg dry"))} -> #NAME? | E104: 1.3 | F104: {=_xll.RiskNormal((-0.0001*A104^2+0.0196*A104+11.697),(-0.0001*A104^2+0.0196*A104+11.697)*0.062,_xll.RiskTruncateP(0.05,0.95),_xll.RiskName("DMI Cow"),_xll.RiskUnits("kg"))} -> #NAME? | G104: =F104*0.0243 -> #NAME? | H104: {=_xll.RiskNormal('SW7'!C$12,'SW7'!D$12,_xll.RiskTruncateP(0.05,0.95),_xll.RiskName("Water Intake Cow"),_xll.RiskUnits("L"))} -> #NAME? | I104: =F104*C104+G104*D104+H104*E104 -> #NAME? | J104: =I104*0.0213 -> #NAME? | K104: {=_xll.RiskNormal(-0.0000000257*A104^4+0.0000163*A104^3-0.003686*A104^2+0.3024*A104+1.445,(-0.0000000257*A104^4+0.0000163*A104^3-0.003686*A104^2+0.3024*A104+1.445)*0.355,_xll.RiskTruncateP(0.05,0.95),_xll.RiskName("Milk Intake"),_xll.RiskUnits("kg"))} -> #NAME? | L104: {=_xll.RiskNormal(5.4702*LN(A104)-22.889,(5.4702*LN(A104)-22.889)*0.35,_xll.RiskTruncateP(0.05,0.95),_xll.RiskName("DMI"),_xll.RiskUnits("kg"))} -> #NAME? | M104: {=_xll.RiskNormal(0.0243*L104,0.005*L104,_xll.RiskTruncateP(0.05,0.95),_xll.RiskName("Soil Intake"),_xll.RiskUnits("kg"))} -> #NAME? | N104: =4*L104 -> #NAME? | O104: =J104*K104 -> #NAME? | P104: =C104*L104 -> #NAME? | Q104: =D104*M104 -> #NAME? | R104: =E104*N104 -> #NAME? | S104: =SUM(O104:R104) -> #NAME? | T104: {=U103-(U103*(0.5^(1/_xll.RiskNormal('SW7'!C$2,'SW7'!D$2,_xll.RiskTruncateP(0.05,0.95),_xll.RiskName("Halflife"),_xll.RiskUnits("d")))))} -> #NAME? | U104: =U103+S103-T103 -> #NAME? | V104: {=(U104*_xll.RiskNormal('SW7'!C$3,'SW7'!D$3,_xll.RiskTruncateP(0.05,0.95),_xll.RiskName("PFAS MUSCLE FRAC"))/(B104*_xll.RiskNormal('SW7'!C$4,'SW7'!E$4,_xll.RiskTruncateP(0.05,0.95),_xll.RiskName("MUSCLE BW FRAC"))))/1000} -> #NAME? | W104: {=V104/_xll.RiskNormal('SW7'!C$5,'SW7'!D$5,_xll.RiskTruncateP(0.05,0.95),_xll.RiskName("Serum Part"))} -> #NAME?
A105: =A104+1 -> 102 | B105: {=B104+_xll.RiskNormal(0.5584 + 2*0.001787*A105 -3*0.00000155*A105^2 - 4*0.00000000133*A105^3,0.35*(0.5584 + 2*0.001787*A105 -3*0.00000155*A105^2 - 4*0.00000000133*A105^3),_xll.RiskTruncateP(0.05,0.95),_xll.RiskName("BW Gain"),_xll.RiskUnits("kg"))} -> #NAME? | C105: {=_xll.RiskNormal(3800,3800*0.3941,_xll.RiskTruncateP(0.05,0.95),_xll.RiskName("Diet 3 Feed"),_xll.RiskUnits("ng/kg dry"))} -> #NAME? | D105: {=_xll.RiskNormal(14900,14900*0.282,_xll.RiskTruncateP(0.05,0.95),_xll.RiskName("Diet 2 Soil"),_xll.RiskUnits("ng/kg dry"))} -> #NAME? | E105: 1.3 | F105: {=_xll.RiskNormal((-0.0001*A105^2+0.0196*A105+11.697),(-0.0001*A105^2+0.0196*A105+11.697)*0.062,_xll.RiskTruncateP(0.05,0.95),_xll.RiskName("DMI Cow"),_xll.RiskUnits("kg"))} -> #NAME? | G105: =F105*0.0243 -> #NAME? | H105: {=_xll.RiskNormal('SW7'!C$12,'SW7'!D$12,_xll.RiskTruncateP(0.05,0.95),_xll.RiskName("Water Intake Cow"),_xll.RiskUnits("L"))} -> #NAME? | I105: =F105*C105+G105*D105+H105*E105 -> #NAME? | J105: =I105*0.0213 -> #NAME? | K105: {=_xll.RiskNormal(-0.0000000257*A105^4+0.0000163*A105^3-0.003686*A105^2+0.3024*A105+1.445,(-0.0000000257*A105^4+0.0000163*A105^3-0.003686*A105^2+0.3024*A105+1.445)*0.355,_xll.RiskTruncateP(0.05,0.95),_xll.RiskName("Milk Intake"),_xll.RiskUnits("kg"))} -> #NAME? | L105: {=_xll.RiskNormal(5.4702*LN(A105)-22.889,(5.4702*LN(A105)-22.889)*0.35,_xll.RiskTruncateP(0.05,0.95),_xll.RiskName("DMI"),_xll.RiskUnits("kg"))} -> #NAME? | M105: {=_xll.RiskNormal(0.0243*L105,0.005*L105,_xll.RiskTruncateP(0.05,0.95),_xll.RiskName("Soil Intake"),_xll.RiskUnits("kg"))} -> #NAME? | N105: =4*L105 -> #NAME? | O105: =J105*K105 -> #NAME? | P105: =C105*L105 -> #NAME? | Q105: =D105*M105 -> #NAME? | R105: =E105*N105 -> #NAME? | S105: =SUM(O105:R105) -> #NAME? | T105: {=U104-(U104*(0.5^(1/_xll.RiskNormal('SW7'!C$2,'SW7'!D$2,_xll.RiskTruncateP(0.05,0.95),_xll.RiskName("Halflife"),_xll.RiskUnits("d")))))} -> #NAME? | U105: =U104+S104-T104 -> #NAME? | V105: {=(U105*_xll.RiskNormal('SW7'!C$3,'SW7'!D$3,_xll.RiskTruncateP(0.05,0.95),_xll.RiskName("PFAS MUSCLE FRAC"))/(B105*_xll.RiskNormal('SW7'!C$4,'SW7'!E$4,_xll.RiskTruncateP(0.05,0.95),_xll.RiskName("MUSCLE BW FRAC"))))/1000} -> #NAME? | W105: {=V105/_xll.RiskNormal('SW7'!C$5,'SW7'!D$5,_xll.RiskTruncateP(0.05,0.95),_xll.RiskName("Serum Part"))} -> #NAME?
